rating_id,evaluation_id,rater_id,batch_id,rating,rated_at
RT000001,E00001,R010,B1,4,2026-03-02 00:15:11.802367
RT000002,E00001,R002,B1,4,2026-03-02 00:28:11.802367
RT000003,E00001,R012,B1,4,2026-03-02 00:55:11.802367
RT000004,E00002,R009,B1,2,2026-03-02 01:38:52.408792
RT000005,E00002,R002,B1,2,2026-03-02 02:45:52.408792
RT000006,E00002,R006,B1,3,2026-03-02 04:36:52.408792
RT000007,E00003,R008,B1,4,2026-03-02 03:48:27.796517
RT000008,E00003,R004,B1,3,2026-03-02 04:09:27.796517
RT000009,E00003,R009,B1,2,2026-03-02 06:44:27.796517
RT000010,E00004,R009,B1,1,2026-03-02 06:41:40.436457
RT000011,E00004,R012,B1,1,2026-03-02 07:42:40.436457
RT000012,E00004,R006,B1,1,2026-03-02 08:55:40.436457
RT000013,E00005,R012,B1,2,2026-03-02 08:41:33.232838
RT000014,E00005,R002,B1,2,2026-03-02 10:08:33.232838
RT000015,E00005,R006,B1,2,2026-03-02 09:37:33.232838
RT000016,E00006,R004,B1,3,2026-03-02 11:09:48.436545
RT000017,E00006,R012,B1,3,2026-03-02 11:29:48.436545
RT000018,E00006,R009,B1,3,2026-03-02 12:29:48.436545
RT000019,E00007,R009,B1,4,2026-03-02 12:33:25.950065
RT000020,E00007,R005,B1,4,2026-03-02 13:45:25.950065
RT000021,E00007,R008,B1,4,2026-03-02 14:31:25.950065
RT000022,E00008,R010,B1,5,2026-03-02 15:21:16.076952
RT000023,E00008,R012,B1,5,2026-03-02 16:04:16.076952
RT000024,E00008,R011,B1,4,2026-03-02 17:29:16.076952
RT000025,E00009,R006,B1,3,2026-03-02 18:13:15.741953
RT000026,E00009,R003,B1,2,2026-03-02 19:15:15.741953
RT000027,E00009,R008,B1,2,2026-03-02 18:57:15.741953
RT000028,E00010,R002,B1,4,2026-03-02 20:26:55.791907
RT000029,E00010,R006,B1,5,2026-03-02 20:53:55.791907
RT000030,E00010,R011,B1,4,2026-03-02 23:12:55.791907
RT000031,E00011,R011,B1,1,2026-03-02 22:56:29.113161
RT000032,E00011,R009,B1,1,2026-03-03 00:20:29.113161
RT000033,E00011,R012,B1,1,2026-03-03 00:46:29.113161
RT000034,E00012,R006,B1,3,2026-03-03 00:39:34.421523
RT000035,E00012,R002,B1,4,2026-03-03 02:02:34.421523
RT000036,E00012,R008,B1,4,2026-03-03 03:33:34.421523
RT000037,E00013,R005,B1,4,2026-03-03 03:17:06.492482
RT000038,E00013,R002,B1,4,2026-03-03 03:34:06.492482
RT000039,E00013,R010,B1,3,2026-03-03 05:49:06.492482
RT000040,E00014,R011,B1,3,2026-03-03 05:34:28.650864
RT000041,E00014,R002,B1,3,2026-03-03 06:01:28.650864
RT000042,E00014,R005,B1,3,2026-03-03 05:46:28.650864
RT000043,E00015,R007,B1,1,2026-03-03 06:50:24.517768
RT000044,E00015,R002,B1,1,2026-03-03 07:07:24.517768
RT000045,E00015,R004,B1,1,2026-03-03 07:10:24.517768
RT000046,E00016,R002,B1,4,2026-03-03 08:05:41.082048
RT000047,E00016,R004,B1,4,2026-03-03 08:53:41.082048
RT000048,E00016,R003,B1,4,2026-03-03 09:37:41.082048
RT000049,E00017,R004,B1,4,2026-03-03 10:25:02.402190
RT000050,E00017,R007,B1,4,2026-03-03 11:33:02.402190
RT000051,E00017,R011,B1,3,2026-03-03 12:49:02.402190
RT000052,E00018,R002,B1,3,2026-03-03 13:05:22.785068
RT000053,E00018,R007,B1,5,2026-03-03 13:34:22.785068
RT000054,E00018,R003,B1,5,2026-03-03 13:09:22.785068
RT000055,E00019,R010,B1,4,2026-03-03 16:27:29.970952
RT000056,E00019,R004,B1,3,2026-03-03 17:15:29.970952
RT000057,E00019,R012,B1,3,2026-03-03 16:53:29.970952
RT000058,E00020,R012,B1,1,2026-03-03 17:26:52.089092
RT000059,E00020,R002,B1,1,2026-03-03 18:31:52.089092
RT000060,E00020,R001,B1,1,2026-03-03 20:16:52.089092
RT000061,E00021,R007,B1,2,2026-03-03 20:00:17.373554
RT000062,E00021,R001,B1,2,2026-03-03 20:14:17.373554
RT000063,E00021,R011,B1,1,2026-03-03 21:20:17.373554
RT000064,E00022,R009,B1,5,2026-03-03 21:34:22.679722
RT000065,E00022,R004,B1,5,2026-03-03 22:38:22.679722
RT000066,E00022,R005,B1,5,2026-03-03 23:36:22.679722
RT000067,E00023,R007,B1,1,2026-03-04 00:50:00.612601
RT000068,E00023,R004,B1,1,2026-03-04 01:13:00.612601
RT000069,E00023,R003,B1,1,2026-03-04 01:28:00.612601
RT000070,E00024,R008,B1,3,2026-03-04 02:04:36.958395
RT000071,E00024,R007,B1,2,2026-03-04 02:17:36.958395
RT000072,E00024,R001,B1,2,2026-03-04 04:10:36.958395
RT000073,E00025,R004,B1,3,2026-03-04 04:51:59.398631
RT000074,E00025,R007,B1,4,2026-03-04 05:45:59.398631
RT000075,E00025,R005,B1,2,2026-03-04 05:37:59.398631
RT000076,E00026,R005,B1,3,2026-03-04 06:33:31.354648
RT000077,E00026,R003,B1,4,2026-03-04 07:03:31.354648
RT000078,E00026,R008,B1,5,2026-03-04 07:31:31.354648
RT000079,E00027,R003,B1,5,2026-03-04 10:03:25.388460
RT000080,E00027,R011,B1,5,2026-03-04 10:09:25.388460
RT000081,E00027,R004,B1,5,2026-03-04 12:19:25.388460
RT000082,E00028,R002,B1,1,2026-03-04 11:01:00.909282
RT000083,E00028,R005,B1,1,2026-03-04 11:04:00.909282
RT000084,E00028,R012,B1,1,2026-03-04 11:17:00.909282
RT000085,E00029,R007,B1,4,2026-03-04 14:18:49.394822
RT000086,E00029,R009,B1,4,2026-03-04 15:17:49.394822
RT000087,E00029,R012,B1,5,2026-03-04 15:38:49.394822
RT000088,E00030,R005,B1,1,2026-03-04 16:35:14.950527
RT000089,E00030,R009,B1,1,2026-03-04 17:17:14.950527
RT000090,E00030,R001,B1,1,2026-03-04 17:21:14.950527
RT000091,E00031,R008,B1,2,2026-03-04 18:38:52.169000
RT000092,E00031,R012,B1,1,2026-03-04 19:30:52.169000
RT000093,E00031,R004,B1,1,2026-03-04 21:08:52.169000
RT000094,E00032,R002,B1,4,2026-03-04 19:43:36.835063
RT000095,E00032,R006,B1,4,2026-03-04 20:06:36.835063
RT000096,E00032,R003,B1,3,2026-03-04 19:53:36.835063
RT000097,E00033,R007,B1,2,2026-03-04 22:43:33.056051
RT000098,E00033,R001,B1,3,2026-03-04 23:06:33.056051
RT000099,E00033,R011,B1,2,2026-03-04 23:41:33.056051
RT000100,E00034,R006,B1,3,2026-03-05 01:35:58.310426
RT000101,E00034,R011,B1,2,2026-03-05 02:57:58.310426
RT000102,E00034,R005,B1,2,2026-03-05 01:49:58.310426
RT000103,E00035,R011,B1,1,2026-03-05 02:42:17.641691
RT000104,E00035,R005,B1,1,2026-03-05 03:24:17.641691
RT000105,E00035,R007,B1,2,2026-03-05 04:48:17.641691
RT000106,E00036,R002,B1,4,2026-03-05 04:11:16.952656
RT000107,E00036,R012,B1,5,2026-03-05 05:27:16.952656
RT000108,E00036,R008,B1,5,2026-03-05 05:07:16.952656
RT000109,E00037,R004,B1,2,2026-03-05 06:42:32.755065
RT000110,E00037,R011,B1,2,2026-03-05 07:11:32.755065
RT000111,E00037,R005,B1,1,2026-03-05 07:50:32.755065
RT000112,E00038,R001,B1,4,2026-03-05 10:19:56.658903
RT000113,E00038,R010,B1,4,2026-03-05 11:22:56.658903
RT000114,E00038,R009,B1,4,2026-03-05 11:35:56.658903
RT000115,E00039,R006,B1,3,2026-03-05 10:51:11.259303
RT000116,E00039,R001,B1,3,2026-03-05 11:44:11.259303
RT000117,E00039,R009,B1,2,2026-03-05 12:43:11.259303
RT000118,E00040,R010,B1,2,2026-03-05 13:54:44.570137
RT000119,E00040,R006,B1,2,2026-03-05 13:55:44.570137
RT000120,E00040,R007,B1,1,2026-03-05 14:26:44.570137
RT000121,E00041,R003,B1,3,2026-03-05 16:31:42.314517
RT000122,E00041,R009,B1,3,2026-03-05 17:23:42.314517
RT000123,E00041,R004,B1,4,2026-03-05 18:19:42.314517
RT000124,E00042,R007,B1,2,2026-03-05 17:12:34.972832
RT000125,E00042,R001,B1,2,2026-03-05 17:33:34.972832
RT000126,E00042,R012,B1,3,2026-03-05 18:38:34.972832
RT000127,E00043,R007,B1,1,2026-03-05 21:11:46.464580
RT000128,E00043,R008,B1,1,2026-03-05 22:19:46.464580
RT000129,E00043,R006,B1,2,2026-03-05 22:13:46.464580
RT000130,E00044,R002,B1,4,2026-03-05 21:39:54.665591
RT000131,E00044,R010,B1,5,2026-03-05 22:14:54.665591
RT000132,E00044,R009,B1,4,2026-03-06 00:35:54.665591
RT000133,E00045,R002,B1,3,2026-03-06 00:33:12.494003
RT000134,E00045,R006,B1,4,2026-03-06 00:51:12.494003
RT000135,E00045,R007,B1,4,2026-03-06 03:09:12.494003
RT000136,E00046,R004,B1,3,2026-03-06 03:27:20.742422
RT000137,E00046,R001,B1,4,2026-03-06 04:30:20.742422
RT000138,E00046,R007,B1,3,2026-03-06 05:57:20.742422
RT000139,E00047,R009,B1,1,2026-03-06 05:17:47.567889
RT000140,E00047,R001,B1,2,2026-03-06 06:37:47.567889
RT000141,E00047,R007,B1,2,2026-03-06 08:15:47.567889
RT000142,E00048,R004,B1,1,2026-03-06 07:43:49.540552
RT000143,E00048,R010,B1,2,2026-03-06 08:14:49.540552
RT000144,E00048,R001,B1,2,2026-03-06 09:15:49.540552
RT000145,E00049,R010,B1,1,2026-03-06 08:53:59.578641
RT000146,E00049,R004,B1,2,2026-03-06 10:20:59.578641
RT000147,E00049,R007,B1,2,2026-03-06 11:25:59.578641
RT000148,E00050,R001,B1,2,2026-03-06 12:46:27.741591
RT000149,E00050,R002,B1,2,2026-03-06 13:16:27.741591
RT000150,E00050,R006,B1,1,2026-03-06 15:02:27.741591
RT000151,E00051,R004,B1,2,2026-03-06 13:22:44.337196
RT000152,E00051,R007,B1,2,2026-03-06 14:24:44.337196
RT000153,E00051,R003,B1,1,2026-03-06 15:36:44.337196
RT000154,E00052,R003,B1,4,2026-03-06 15:51:34.454733
RT000155,E00052,R007,B1,3,2026-03-06 16:08:34.454733
RT000156,E00052,R011,B1,4,2026-03-06 17:27:34.454733
RT000157,E00053,R012,B1,3,2026-03-06 19:15:46.525891
RT000158,E00053,R004,B1,3,2026-03-06 19:28:46.525891
RT000159,E00053,R003,B1,2,2026-03-06 21:57:46.525891
RT000160,E00054,R011,B1,5,2026-03-06 21:15:23.024538
RT000161,E00054,R001,B1,5,2026-03-06 21:32:23.024538
RT000162,E00054,R008,B1,5,2026-03-07 00:07:23.024538
RT000163,E00055,R011,B1,4,2026-03-06 22:07:14.803133
RT000164,E00055,R005,B1,3,2026-03-06 22:12:14.803133
RT000165,E00055,R009,B1,3,2026-03-06 22:15:14.803133
RT000166,E00056,R008,B1,3,2026-03-07 01:16:59.139864
RT000167,E00056,R005,B1,2,2026-03-07 02:31:59.139864
RT000168,E00056,R007,B1,3,2026-03-07 02:50:59.139864
RT000169,E00057,R005,B1,5,2026-03-07 03:40:04.919230
RT000170,E00057,R004,B1,4,2026-03-07 04:45:04.919230
RT000171,E00057,R001,B1,4,2026-03-07 05:00:04.919230
RT000172,E00058,R012,B1,4,2026-03-07 04:41:09.653290
RT000173,E00058,R004,B1,3,2026-03-07 06:09:09.653290
RT000174,E00058,R006,B1,2,2026-03-07 05:23:09.653290
RT000175,E00059,R001,B1,2,2026-03-07 08:12:19.475828
RT000176,E00059,R011,B1,2,2026-03-07 09:35:19.475828
RT000177,E00059,R009,B1,2,2026-03-07 10:50:19.475828
RT000178,E00060,R007,B1,3,2026-03-07 08:52:03.920125
RT000179,E00060,R003,B1,4,2026-03-07 10:08:03.920125
RT000180,E00060,R009,B1,3,2026-03-07 09:00:03.920125
RT000181,E00061,R001,B1,4,2026-03-07 11:50:22.310643
RT000182,E00061,R010,B1,4,2026-03-07 12:22:22.310643
RT000183,E00061,R006,B1,4,2026-03-07 12:16:22.310643
RT000184,E00062,R003,B1,1,2026-03-07 13:56:10.271551
RT000185,E00062,R005,B1,1,2026-03-07 14:00:10.271551
RT000186,E00062,R010,B1,1,2026-03-07 16:38:10.271551
RT000187,E00063,R006,B1,3,2026-03-07 15:25:58.671844
RT000188,E00063,R008,B1,1,2026-03-07 15:54:58.671844
RT000189,E00063,R007,B1,1,2026-03-07 15:27:58.671844
RT000190,E00064,R001,B1,3,2026-03-07 18:39:18.323096
RT000191,E00064,R007,B1,2,2026-03-07 20:03:18.323096
RT000192,E00064,R005,B1,3,2026-03-07 19:31:18.323096
RT000193,E00065,R008,B1,5,2026-03-07 21:11:07.955299
RT000194,E00065,R002,B1,4,2026-03-07 22:24:07.955299
RT000195,E00065,R010,B1,5,2026-03-07 23:01:07.955299
RT000196,E00066,R009,B1,1,2026-03-07 22:04:57.021834
RT000197,E00066,R003,B1,2,2026-03-07 23:03:57.021834
RT000198,E00066,R006,B1,1,2026-03-07 23:44:57.021834
RT000199,E00067,R002,B1,2,2026-03-08 01:55:04.556998
RT000200,E00067,R004,B1,3,2026-03-08 02:26:04.556998
RT000201,E00067,R006,B1,2,2026-03-08 01:55:04.556998
RT000202,E00068,R012,B1,3,2026-03-08 03:56:07.159435
RT000203,E00068,R003,B1,4,2026-03-08 04:40:07.159435
RT000204,E00068,R002,B1,3,2026-03-08 04:10:07.159435
RT000205,E00069,R006,B1,5,2026-03-08 05:30:48.568308
RT000206,E00069,R012,B1,5,2026-03-08 06:42:48.568308
RT000207,E00069,R011,B1,5,2026-03-08 06:10:48.568308
RT000208,E00070,R004,B1,1,2026-03-08 08:20:44.844627
RT000209,E00070,R010,B1,3,2026-03-08 09:10:44.844627
RT000210,E00070,R012,B1,2,2026-03-08 10:48:44.844627
RT000211,E00071,R005,B1,2,2026-03-08 10:08:32.734978
RT000212,E00071,R011,B1,2,2026-03-08 11:08:32.734978
RT000213,E00071,R010,B1,3,2026-03-08 10:50:32.734978
RT000214,E00072,R009,B1,2,2026-03-08 12:03:25.869011
RT000215,E00072,R007,B1,2,2026-03-08 13:07:25.869011
RT000216,E00072,R010,B1,2,2026-03-08 14:11:25.869011
RT000217,E00073,R004,B1,1,2026-03-08 14:51:31.755309
RT000218,E00073,R010,B1,1,2026-03-08 15:06:31.755309
RT000219,E00073,R003,B1,1,2026-03-08 16:05:31.755309
RT000220,E00074,R005,B1,3,2026-03-08 16:43:51.354597
RT000221,E00074,R001,B1,4,2026-03-08 18:05:51.354597
RT000222,E00074,R011,B1,3,2026-03-08 17:53:51.354597
RT000223,E00075,R006,B1,4,2026-03-08 18:56:58.709265
RT000224,E00075,R009,B1,4,2026-03-08 19:40:58.709265
RT000225,E00075,R005,B1,4,2026-03-08 20:20:58.709265
RT000226,E00076,R002,B1,5,2026-03-08 20:40:57.925158
RT000227,E00076,R006,B1,5,2026-03-08 21:39:57.925158
RT000228,E00076,R010,B1,5,2026-03-08 21:30:57.925158
RT000229,E00077,R011,B1,3,2026-03-09 00:05:50.254569
RT000230,E00077,R003,B1,4,2026-03-09 00:53:50.254569
RT000231,E00077,R008,B1,3,2026-03-09 00:09:50.254569
RT000232,E00078,R012,B1,5,2026-03-09 02:01:28.538015
RT000233,E00078,R009,B1,4,2026-03-09 02:32:28.538015
RT000234,E00078,R008,B1,5,2026-03-09 02:31:28.538015
RT000235,E00079,R004,B1,1,2026-03-09 04:19:16.057598
RT000236,E00079,R003,B1,2,2026-03-09 04:57:16.057598
RT000237,E00079,R001,B1,2,2026-03-09 05:59:16.057598
RT000238,E00080,R009,B1,4,2026-03-09 06:16:53.869668
RT000239,E00080,R003,B1,4,2026-03-09 07:36:53.869668
RT000240,E00080,R004,B1,4,2026-03-09 06:16:53.869668
RT000241,E00081,R007,B1,5,2026-03-09 07:21:46.966378
RT000242,E00081,R004,B1,5,2026-03-09 07:48:46.966378
RT000243,E00081,R001,B1,5,2026-03-09 09:51:46.966378
RT000244,E00082,R004,B1,1,2026-03-09 09:34:23.967147
RT000245,E00082,R009,B1,1,2026-03-09 10:21:23.967147
RT000246,E00082,R006,B1,1,2026-03-09 12:04:23.967147
RT000247,E00083,R005,B1,1,2026-03-09 12:44:53.902085
RT000248,E00083,R009,B1,1,2026-03-09 13:36:53.902085
RT000249,E00083,R011,B1,2,2026-03-09 13:40:53.902085
RT000250,E00084,R005,B1,3,2026-03-09 15:34:55.201786
RT000251,E00084,R006,B1,3,2026-03-09 15:53:55.201786
RT000252,E00084,R002,B1,3,2026-03-09 17:48:55.201786
RT000253,E00085,R002,B1,1,2026-03-09 16:02:02.020078
RT000254,E00085,R011,B1,1,2026-03-09 17:10:02.020078
RT000255,E00085,R006,B1,1,2026-03-09 18:06:02.020078
RT000256,E00086,R006,B1,3,2026-03-09 18:09:01.003737
RT000257,E00086,R012,B1,5,2026-03-09 18:56:01.003737
RT000258,E00086,R011,B1,4,2026-03-09 20:01:01.003737
RT000259,E00087,R009,B1,3,2026-03-09 20:19:21.389274
RT000260,E00087,R008,B1,3,2026-03-09 21:10:21.389274
RT000261,E00087,R005,B1,3,2026-03-09 22:29:21.389274
RT000262,E00088,R011,B1,1,2026-03-09 22:28:47.614552
RT000263,E00088,R001,B1,2,2026-03-09 22:50:47.614552
RT000264,E00088,R003,B1,2,2026-03-09 23:46:47.614552
RT000265,E00089,R012,B1,1,2026-03-10 02:33:41.453769
RT000266,E00089,R008,B1,1,2026-03-10 03:19:41.453769
RT000267,E00089,R007,B1,2,2026-03-10 04:45:41.453769
RT000268,E00090,R006,B1,1,2026-03-10 04:05:10.806313
RT000269,E00090,R011,B1,2,2026-03-10 04:22:10.806313
RT000270,E00090,R003,B1,2,2026-03-10 06:25:10.806313
RT000271,E00091,R003,B1,5,2026-03-10 05:27:54.381709
RT000272,E00091,R010,B1,4,2026-03-10 05:51:54.381709
RT000273,E00091,R008,B1,5,2026-03-10 06:43:54.381709
RT000274,E00092,R009,B1,1,2026-03-10 08:03:48.103784
RT000275,E00092,R006,B1,1,2026-03-10 08:50:48.103784
RT000276,E00092,R004,B1,1,2026-03-10 08:21:48.103784
RT000277,E00093,R008,B1,5,2026-03-10 09:28:20.800784
RT000278,E00093,R009,B1,3,2026-03-10 10:47:20.800784
RT000279,E00093,R005,B1,3,2026-03-10 10:06:20.800784
RT000280,E00094,R006,B1,2,2026-03-10 11:47:13.677976
RT000281,E00094,R007,B1,1,2026-03-10 12:23:13.677976
RT000282,E00094,R004,B1,1,2026-03-10 11:51:13.677976
RT000283,E00095,R003,B1,5,2026-03-10 15:02:07.153729
RT000284,E00095,R002,B1,5,2026-03-10 15:38:07.153729
RT000285,E00095,R008,B1,5,2026-03-10 15:38:07.153729
RT000286,E00096,R005,B1,2,2026-03-10 17:59:38.896880
RT000287,E00096,R002,B1,2,2026-03-10 18:35:38.896880
RT000288,E00096,R006,B1,1,2026-03-10 20:45:38.896880
RT000289,E00097,R007,B1,5,2026-03-10 19:06:44.980613
RT000290,E00097,R009,B1,4,2026-03-10 19:31:44.980613
RT000291,E00097,R002,B1,4,2026-03-10 21:12:44.980613
RT000292,E00098,R009,B1,2,2026-03-10 21:34:46.487884
RT000293,E00098,R002,B1,2,2026-03-10 22:20:46.487884
RT000294,E00098,R012,B1,3,2026-03-10 23:20:46.487884
RT000295,E00099,R008,B1,1,2026-03-10 23:14:35.405541
RT000296,E00099,R010,B1,1,2026-03-11 00:29:35.405541
RT000297,E00099,R012,B1,1,2026-03-10 23:54:35.405541
RT000298,E00100,R009,B1,4,2026-03-11 02:23:48.125852
RT000299,E00100,R007,B1,5,2026-03-11 02:39:48.125852
RT000300,E00100,R004,B1,4,2026-03-11 02:49:48.125852
RT000301,E00101,R009,B1,1,2026-03-11 03:29:45.218340
RT000302,E00101,R004,B1,1,2026-03-11 04:35:45.218340
RT000303,E00101,R002,B1,1,2026-03-11 05:15:45.218340
RT000304,E00102,R011,B1,5,2026-03-11 05:33:59.890765
RT000305,E00102,R012,B1,5,2026-03-11 06:57:59.890765
RT000306,E00102,R004,B1,4,2026-03-11 07:03:59.890765
RT000307,E00103,R007,B1,5,2026-03-11 08:37:37.959132
RT000308,E00103,R008,B1,5,2026-03-11 09:44:37.959132
RT000309,E00103,R003,B1,5,2026-03-11 09:19:37.959132
RT000310,E00104,R010,B1,4,2026-03-11 11:14:37.541190
RT000311,E00104,R003,B1,3,2026-03-11 12:28:37.541190
RT000312,E00104,R002,B1,3,2026-03-11 13:10:37.541190
RT000313,E00105,R008,B1,1,2026-03-11 12:17:22.954180
RT000314,E00105,R002,B1,1,2026-03-11 13:05:22.954180
RT000315,E00105,R012,B1,2,2026-03-11 12:35:22.954180
RT000316,E00106,R004,B1,5,2026-03-11 15:23:46.969762
RT000317,E00106,R003,B1,5,2026-03-11 16:15:46.969762
RT000318,E00106,R012,B1,5,2026-03-11 16:21:46.969762
RT000319,E00107,R002,B1,3,2026-03-11 16:28:57.282723
RT000320,E00107,R006,B1,1,2026-03-11 17:10:57.282723
RT000321,E00107,R011,B1,2,2026-03-11 18:50:57.282723
RT000322,E00108,R003,B1,4,2026-03-11 19:38:08.058742
RT000323,E00108,R004,B1,4,2026-03-11 19:59:08.058742
RT000324,E00108,R002,B1,4,2026-03-11 22:24:08.058742
RT000325,E00109,R009,B1,4,2026-03-11 21:53:06.186393
RT000326,E00109,R004,B1,4,2026-03-11 23:07:06.186393
RT000327,E00109,R003,B1,4,2026-03-11 23:49:06.186393
RT000328,E00110,R012,B1,3,2026-03-11 23:13:52.109114
RT000329,E00110,R009,B1,2,2026-03-11 23:27:52.109114
RT000330,E00110,R006,B1,4,2026-03-12 01:51:52.109114
RT000331,E00111,R005,B1,4,2026-03-12 01:53:48.899488
RT000332,E00111,R008,B1,5,2026-03-12 02:01:48.899488
RT000333,E00111,R010,B1,4,2026-03-12 04:29:48.899488
RT000334,E00112,R001,B1,4,2026-03-12 03:38:38.056210
RT000335,E00112,R002,B1,3,2026-03-12 04:26:38.056210
RT000336,E00112,R007,B1,3,2026-03-12 04:34:38.056210
RT000337,E00113,R007,B1,2,2026-03-12 07:13:55.619985
RT000338,E00113,R008,B1,3,2026-03-12 07:36:55.619985
RT000339,E00113,R010,B1,2,2026-03-12 07:27:55.619985
RT000340,E00114,R011,B1,5,2026-03-12 09:07:18.039650
RT000341,E00114,R003,B1,5,2026-03-12 09:46:18.039650
RT000342,E00114,R010,B1,5,2026-03-12 09:39:18.039650
RT000343,E00115,R007,B1,1,2026-03-12 10:42:09.352212
RT000344,E00115,R003,B1,1,2026-03-12 12:11:09.352212
RT000345,E00115,R005,B1,1,2026-03-12 11:30:09.352212
RT000346,E00116,R010,B1,1,2026-03-12 12:23:09.654260
RT000347,E00116,R009,B1,1,2026-03-12 12:34:09.654260
RT000348,E00116,R004,B1,1,2026-03-12 13:39:09.654260
RT000349,E00117,R007,B1,2,2026-03-12 15:53:10.019335
RT000350,E00117,R001,B1,2,2026-03-12 16:46:10.019335
RT000351,E00117,R004,B1,3,2026-03-12 16:23:10.019335
RT000352,E00118,R005,B1,5,2026-03-12 17:49:24.363263
RT000353,E00118,R003,B1,5,2026-03-12 18:16:24.363263
RT000354,E00118,R010,B1,5,2026-03-12 18:51:24.363263
RT000355,E00119,R001,B1,2,2026-03-12 20:25:55.389035
RT000356,E00119,R004,B1,1,2026-03-12 20:29:55.389035
RT000357,E00119,R005,B1,2,2026-03-12 22:33:55.389035
RT000358,E00120,R001,B1,2,2026-03-12 22:00:29.766278
RT000359,E00120,R002,B1,2,2026-03-12 22:43:29.766278
RT000360,E00120,R003,B1,1,2026-03-13 00:02:29.766278
RT000361,E00121,R005,B1,1,2026-03-13 00:52:26.508006
RT000362,E00121,R009,B1,1,2026-03-13 02:21:26.508006
RT000363,E00121,R008,B1,2,2026-03-13 01:06:26.508006
RT000364,E00122,R011,B1,1,2026-03-13 01:15:13.361594
RT000365,E00122,R007,B1,1,2026-03-13 01:38:13.361594
RT000366,E00122,R002,B1,1,2026-03-13 02:53:13.361594
RT000367,E00123,R011,B1,4,2026-03-13 05:14:00.098048
RT000368,E00123,R006,B1,4,2026-03-13 05:35:00.098048
RT000369,E00123,R007,B1,4,2026-03-13 05:24:00.098048
RT000370,E00124,R007,B1,3,2026-03-13 06:46:49.535575
RT000371,E00124,R004,B1,2,2026-03-13 06:52:49.535575
RT000372,E00124,R003,B1,3,2026-03-13 07:44:49.535575
RT000373,E00125,R009,B1,4,2026-03-13 09:24:56.404150
RT000374,E00125,R001,B1,5,2026-03-13 09:39:56.404150
RT000375,E00125,R004,B1,5,2026-03-13 10:42:56.404150
RT000376,E00126,R002,B1,1,2026-03-13 11:54:29.579609
RT000377,E00126,R007,B1,1,2026-03-13 13:19:29.579609
RT000378,E00126,R004,B1,1,2026-03-13 13:34:29.579609
RT000379,E00127,R012,B1,3,2026-03-13 13:48:13.729201
RT000380,E00127,R002,B1,2,2026-03-13 14:25:13.729201
RT000381,E00127,R011,B1,2,2026-03-13 14:36:13.729201
RT000382,E00128,R002,B1,3,2026-03-13 15:31:50.279138
RT000383,E00128,R009,B1,2,2026-03-13 15:32:50.279138
RT000384,E00128,R003,B1,2,2026-03-13 16:55:50.279138
RT000385,E00129,R003,B1,2,2026-03-13 16:52:49.294144
RT000386,E00129,R005,B1,1,2026-03-13 17:43:49.294144
RT000387,E00129,R012,B1,2,2026-03-13 18:58:49.294144
RT000388,E00130,R002,B1,3,2026-03-13 20:07:45.409375
RT000389,E00130,R006,B1,4,2026-03-13 21:22:45.409375
RT000390,E00130,R005,B1,3,2026-03-13 22:01:45.409375
RT000391,E00131,R002,B1,5,2026-03-13 22:26:27.305901
RT000392,E00131,R001,B1,5,2026-03-13 22:59:27.305901
RT000393,E00131,R011,B1,4,2026-03-14 00:42:27.305901
RT000394,E00132,R001,B1,5,2026-03-13 23:42:42.761390
RT000395,E00132,R002,B1,5,2026-03-14 00:10:42.761390
RT000396,E00132,R012,B1,5,2026-03-13 23:54:42.761390
RT000397,E00133,R010,B1,5,2026-03-14 01:31:40.602305
RT000398,E00133,R006,B1,5,2026-03-14 02:00:40.602305
RT000399,E00133,R007,B1,5,2026-03-14 01:33:40.602305
RT000400,E00134,R007,B1,5,2026-03-14 04:24:46.815867
RT000401,E00134,R002,B1,5,2026-03-14 05:07:46.815867
RT000402,E00134,R009,B1,5,2026-03-14 05:12:46.815867
RT000403,E00135,R003,B1,4,2026-03-14 07:33:58.513551
RT000404,E00135,R005,B1,4,2026-03-14 08:06:58.513551
RT000405,E00135,R011,B1,3,2026-03-14 08:01:58.513551
RT000406,E00136,R008,B1,4,2026-03-14 09:32:51.718281
RT000407,E00136,R005,B1,3,2026-03-14 09:34:51.718281
RT000408,E00136,R010,B1,2,2026-03-14 10:30:51.718281
RT000409,E00137,R006,B1,4,2026-03-14 11:32:02.127578
RT000410,E00137,R012,B1,3,2026-03-14 11:43:02.127578
RT000411,E00137,R007,B1,3,2026-03-14 12:28:02.127578
RT000412,E00138,R008,B1,5,2026-03-14 14:11:07.483767
RT000413,E00138,R005,B1,5,2026-03-14 15:16:07.483767
RT000414,E00138,R004,B1,5,2026-03-14 15:27:07.483767
RT000415,E00139,R011,B1,2,2026-03-14 16:19:57.185569
RT000416,E00139,R006,B1,3,2026-03-14 17:45:57.185569
RT000417,E00139,R004,B1,2,2026-03-14 17:57:57.185569
RT000418,E00140,R003,B1,2,2026-03-14 18:44:53.589257
RT000419,E00140,R011,B1,2,2026-03-14 19:49:53.589257
RT000420,E00140,R002,B1,2,2026-03-14 19:02:53.589257
RT000421,E00141,R001,B1,3,2026-03-14 20:48:51.821088
RT000422,E00141,R009,B1,3,2026-03-14 22:06:51.821088
RT000423,E00141,R007,B1,3,2026-03-14 22:18:51.821088
RT000424,E00142,R010,B1,1,2026-03-14 21:47:56.489930
RT000425,E00142,R007,B1,2,2026-03-14 21:52:56.489930
RT000426,E00142,R002,B1,2,2026-03-15 00:19:56.489930
RT000427,E00143,R002,B1,2,2026-03-15 00:27:26.369414
RT000428,E00143,R003,B1,3,2026-03-15 01:32:26.369414
RT000429,E00143,R008,B1,1,2026-03-15 02:07:26.369414
RT000430,E00144,R003,B1,2,2026-03-15 02:15:27.256304
RT000431,E00144,R009,B1,1,2026-03-15 03:23:27.256304
RT000432,E00144,R005,B1,2,2026-03-15 02:47:27.256304
RT000433,E00145,R012,B1,2,2026-03-15 05:18:47.138136
RT000434,E00145,R002,B1,2,2026-03-15 06:15:47.138136
RT000435,E00145,R010,B1,2,2026-03-15 05:18:47.138136
RT000436,E00146,R009,B1,5,2026-03-15 06:02:27.189479
RT000437,E00146,R007,B1,5,2026-03-15 06:36:27.189479
RT000438,E00146,R004,B1,5,2026-03-15 06:52:27.189479
RT000439,E00147,R007,B1,2,2026-03-15 10:08:00.700538
RT000440,E00147,R005,B1,2,2026-03-15 10:41:00.700538
RT000441,E00147,R001,B1,2,2026-03-15 11:46:00.700538
RT000442,E00148,R010,B1,5,2026-03-15 11:17:03.469614
RT000443,E00148,R005,B1,4,2026-03-15 11:34:03.469614
RT000444,E00148,R003,B1,5,2026-03-15 13:31:03.469614
RT000445,E00149,R012,B1,4,2026-03-15 12:36:17.841102
RT000446,E00149,R008,B1,5,2026-03-15 12:56:17.841102
RT000447,E00149,R003,B1,5,2026-03-15 14:44:17.841102
RT000448,E00150,R005,B1,4,2026-03-15 14:48:04.624587
RT000449,E00150,R011,B1,5,2026-03-15 15:26:04.624587
RT000450,E00150,R010,B1,4,2026-03-15 17:12:04.624587
RT000451,E00151,R009,B2,4,2026-03-15 23:51:52.742130
RT000452,E00151,R008,B2,4,2026-03-16 00:34:52.742130
RT000453,E00151,R002,B2,4,2026-03-15 23:59:52.742130
RT000454,E00152,R002,B2,4,2026-03-16 01:39:23.736301
RT000455,E00152,R001,B2,4,2026-03-16 02:44:23.736301
RT000456,E00152,R008,B2,4,2026-03-16 03:15:23.736301
RT000457,E00153,R008,B2,1,2026-03-16 05:23:43.065364
RT000458,E00153,R002,B2,1,2026-03-16 05:48:43.065364
RT000459,E00153,R004,B2,1,2026-03-16 06:23:43.065364
RT000460,E00154,R001,B2,1,2026-03-16 06:50:43.377679
RT000461,E00154,R012,B2,1,2026-03-16 08:09:43.377679
RT000462,E00154,R009,B2,1,2026-03-16 07:22:43.377679
RT000463,E00155,R008,B2,1,2026-03-16 08:24:48.773402
RT000464,E00155,R001,B2,1,2026-03-16 08:49:48.773402
RT000465,E00155,R010,B2,2,2026-03-16 09:22:48.773402
RT000466,E00156,R003,B2,2,2026-03-16 11:31:53.321574
RT000467,E00156,R005,B2,1,2026-03-16 12:51:53.321574
RT000468,E00156,R009,B2,1,2026-03-16 13:55:53.321574
RT000469,E00157,R009,B2,4,2026-03-16 12:51:22.112226
RT000470,E00157,R005,B2,5,2026-03-16 13:42:22.112226
RT000471,E00157,R008,B2,5,2026-03-16 15:27:22.112226
RT000472,E00158,R005,B2,4,2026-03-16 15:24:08.705761
RT000473,E00158,R009,B2,4,2026-03-16 15:46:08.705761
RT000474,E00158,R003,B2,4,2026-03-16 16:08:08.705761
RT000475,E00159,R005,B2,5,2026-03-16 18:22:49.857122
RT000476,E00159,R008,B2,5,2026-03-16 19:37:49.857122
RT000477,E00159,R004,B2,5,2026-03-16 19:18:49.857122
RT000478,E00160,R009,B2,3,2026-03-16 20:08:12.793709
RT000479,E00160,R003,B2,4,2026-03-16 20:20:12.793709
RT000480,E00160,R004,B2,4,2026-03-16 20:42:12.793709
RT000481,E00161,R010,B2,4,2026-03-16 21:07:25.046120
RT000482,E00161,R006,B2,5,2026-03-16 22:05:25.046120
RT000483,E00161,R007,B2,5,2026-03-16 21:55:25.046120
RT000484,E00162,R006,B2,4,2026-03-16 23:54:00.311201
RT000485,E00162,R002,B2,4,2026-03-17 01:18:00.311201
RT000486,E00162,R007,B2,4,2026-03-17 00:30:00.311201
RT000487,E00163,R011,B2,3,2026-03-17 02:14:02.780760
RT000488,E00163,R004,B2,2,2026-03-17 02:56:02.780760
RT000489,E00163,R008,B2,3,2026-03-17 04:54:02.780760
RT000490,E00164,R005,B2,4,2026-03-17 04:21:35.988441
RT000491,E00164,R012,B2,4,2026-03-17 04:24:35.988441
RT000492,E00164,R003,B2,4,2026-03-17 05:23:35.988441
RT000493,E00165,R012,B2,4,2026-03-17 05:54:24.009420
RT000494,E00165,R004,B2,2,2026-03-17 06:02:24.009420
RT000495,E00165,R011,B2,3,2026-03-17 06:26:24.009420
RT000496,E00166,R008,B2,5,2026-03-17 08:04:40.157910
RT000497,E00166,R004,B2,5,2026-03-17 09:33:40.157910
RT000498,E00166,R011,B2,5,2026-03-17 09:20:40.157910
RT000499,E00167,R005,B2,1,2026-03-17 10:41:17.252007
RT000500,E00167,R012,B2,1,2026-03-17 11:40:17.252007
RT000501,E00167,R001,B2,1,2026-03-17 11:39:17.252007
RT000502,E00168,R011,B2,4,2026-03-17 14:23:04.179893
RT000503,E00168,R009,B2,4,2026-03-17 14:59:04.179893
RT000504,E00168,R012,B2,4,2026-03-17 16:47:04.179893
RT000505,E00169,R002,B2,4,2026-03-17 15:27:45.789141
RT000506,E00169,R007,B2,3,2026-03-17 16:17:45.789141
RT000507,E00169,R008,B2,4,2026-03-17 17:33:45.789141
RT000508,E00170,R003,B2,3,2026-03-17 17:08:04.496845
RT000509,E00170,R006,B2,3,2026-03-17 18:19:04.496845
RT000510,E00170,R010,B2,3,2026-03-17 18:26:04.496845
RT000511,E00171,R012,B2,4,2026-03-17 20:26:02.540204
RT000512,E00171,R001,B2,4,2026-03-17 21:43:02.540204
RT000513,E00171,R010,B2,3,2026-03-17 20:40:02.540204
RT000514,E00172,R008,B2,3,2026-03-17 21:43:23.915393
RT000515,E00172,R002,B2,2,2026-03-17 22:25:23.915393
RT000516,E00172,R009,B2,2,2026-03-17 22:41:23.915393
RT000517,E00173,R009,B2,1,2026-03-18 00:04:26.303656
RT000518,E00173,R001,B2,1,2026-03-18 00:40:26.303656
RT000519,E00173,R006,B2,1,2026-03-18 02:06:26.303656
RT000520,E00174,R004,B2,4,2026-03-18 03:06:57.751799
RT000521,E00174,R006,B2,5,2026-03-18 03:43:57.751799
RT000522,E00174,R012,B2,5,2026-03-18 03:46:57.751799
RT000523,E00175,R007,B2,2,2026-03-18 05:11:46.641416
RT000524,E00175,R011,B2,2,2026-03-18 05:20:46.641416
RT000525,E00175,R002,B2,2,2026-03-18 06:51:46.641416
RT000526,E00176,R008,B2,3,2026-03-18 06:01:52.181040
RT000527,E00176,R005,B2,3,2026-03-18 06:05:52.181040
RT000528,E00176,R009,B2,3,2026-03-18 06:29:52.181040
RT000529,E00177,R007,B2,5,2026-03-18 08:28:30.405702
RT000530,E00177,R011,B2,4,2026-03-18 09:57:30.405702
RT000531,E00177,R004,B2,4,2026-03-18 09:44:30.405702
RT000532,E00178,R010,B2,2,2026-03-18 11:28:36.082555
RT000533,E00178,R009,B2,1,2026-03-18 11:39:36.082555
RT000534,E00178,R008,B2,2,2026-03-18 12:26:36.082555
RT000535,E00179,R007,B2,4,2026-03-18 13:32:25.312367
RT000536,E00179,R012,B2,4,2026-03-18 14:40:25.312367
RT000537,E00179,R006,B2,4,2026-03-18 15:54:25.312367
RT000538,E00180,R007,B2,1,2026-03-18 16:43:05.533234
RT000539,E00180,R009,B2,1,2026-03-18 16:49:05.533234
RT000540,E00180,R008,B2,2,2026-03-18 17:33:05.533234
RT000541,E00181,R011,B2,4,2026-03-18 17:26:23.208308
RT000542,E00181,R010,B2,4,2026-03-18 17:27:23.208308
RT000543,E00181,R005,B2,4,2026-03-18 18:50:23.208308
RT000544,E00182,R001,B2,3,2026-03-18 20:19:39.402466
RT000545,E00182,R004,B2,3,2026-03-18 21:34:39.402466
RT000546,E00182,R003,B2,5,2026-03-18 20:55:39.402466
RT000547,E00183,R008,B2,1,2026-03-18 23:18:21.087293
RT000548,E00183,R006,B2,2,2026-03-19 00:00:21.087293
RT000549,E00183,R011,B2,1,2026-03-19 01:26:21.087293
RT000550,E00184,R006,B2,5,2026-03-19 00:06:34.361454
RT000551,E00184,R011,B2,5,2026-03-19 01:21:34.361454
RT000552,E00184,R002,B2,4,2026-03-19 02:52:34.361454
RT000553,E00185,R011,B2,3,2026-03-19 02:05:12.120506
RT000554,E00185,R005,B2,3,2026-03-19 02:13:12.120506
RT000555,E00185,R001,B2,3,2026-03-19 04:31:12.120506
RT000556,E00186,R002,B2,2,2026-03-19 05:43:51.109360
RT000557,E00186,R007,B2,2,2026-03-19 07:05:51.109360
RT000558,E00186,R010,B2,2,2026-03-19 07:21:51.109360
RT000559,E00187,R003,B2,4,2026-03-19 08:02:45.192623
RT000560,E00187,R005,B2,4,2026-03-19 08:10:45.192623
RT000561,E00187,R011,B2,4,2026-03-19 08:26:45.192623
RT000562,E00188,R008,B2,5,2026-03-19 09:23:39.052765
RT000563,E00188,R003,B2,5,2026-03-19 10:34:39.052765
RT000564,E00188,R007,B2,5,2026-03-19 09:39:39.052765
RT000565,E00189,R009,B2,1,2026-03-19 12:21:48.379848
RT000566,E00189,R004,B2,2,2026-03-19 12:31:48.379848
RT000567,E00189,R003,B2,2,2026-03-19 13:37:48.379848
RT000568,E00190,R011,B2,2,2026-03-19 14:46:41.361132
RT000569,E00190,R002,B2,1,2026-03-19 15:33:41.361132
RT000570,E00190,R008,B2,1,2026-03-19 15:08:41.361132
RT000571,E00191,R004,B2,3,2026-03-19 15:18:58.808618
RT000572,E00191,R005,B2,3,2026-03-19 16:47:58.808618
RT000573,E00191,R010,B2,5,2026-03-19 16:50:58.808618
RT000574,E00192,R011,B2,1,2026-03-19 18:11:13.085936
RT000575,E00192,R003,B2,1,2026-03-19 18:29:13.085936
RT000576,E00192,R007,B2,1,2026-03-19 18:53:13.085936
RT000577,E00193,R002,B2,1,2026-03-19 21:23:33.108453
RT000578,E00193,R005,B2,1,2026-03-19 21:23:33.108453
RT000579,E00193,R003,B2,1,2026-03-19 22:05:33.108453
RT000580,E00194,R012,B2,2,2026-03-19 23:01:55.919789
RT000581,E00194,R009,B2,1,2026-03-19 23:52:55.919789
RT000582,E00194,R005,B2,1,2026-03-19 23:33:55.919789
RT000583,E00195,R003,B2,2,2026-03-20 00:08:41.044031
RT000584,E00195,R005,B2,1,2026-03-20 01:06:41.044031
RT000585,E00195,R002,B2,1,2026-03-20 00:52:41.044031
RT000586,E00196,R011,B2,4,2026-03-20 02:37:47.125044
RT000587,E00196,R008,B2,5,2026-03-20 03:39:47.125044
RT000588,E00196,R004,B2,5,2026-03-20 04:35:47.125044
RT000589,E00197,R004,B2,1,2026-03-20 05:17:32.204352
RT000590,E00197,R003,B2,2,2026-03-20 05:20:32.204352
RT000591,E00197,R006,B2,1,2026-03-20 07:43:32.204352
RT000592,E00198,R007,B2,4,2026-03-20 06:55:10.547369
RT000593,E00198,R002,B2,4,2026-03-20 07:11:10.547369
RT000594,E00198,R009,B2,3,2026-03-20 08:55:10.547369
RT000595,E00199,R010,B2,2,2026-03-20 10:30:24.625790
RT000596,E00199,R007,B2,2,2026-03-20 11:37:24.625790
RT000597,E00199,R004,B2,1,2026-03-20 10:58:24.625790
RT000598,E00200,R008,B2,1,2026-03-20 12:37:12.645654
RT000599,E00200,R009,B2,1,2026-03-20 14:06:12.645654
RT000600,E00200,R002,B2,1,2026-03-20 13:07:12.645654
RT000601,E00201,R006,B2,5,2026-03-20 13:54:04.992796
RT000602,E00201,R005,B2,5,2026-03-20 14:36:04.992796
RT000603,E00201,R008,B2,5,2026-03-20 15:30:04.992796
RT000604,E00202,R002,B2,4,2026-03-20 15:24:06.848635
RT000605,E00202,R007,B2,4,2026-03-20 15:42:06.848635
RT000606,E00202,R001,B2,5,2026-03-20 16:22:06.848635
RT000607,E00203,R008,B2,1,2026-03-20 18:43:03.064722
RT000608,E00203,R004,B2,1,2026-03-20 20:09:03.064722
RT000609,E00203,R007,B2,2,2026-03-20 20:51:03.064722
RT000610,E00204,R004,B2,1,2026-03-20 21:08:29.834029
RT000611,E00204,R006,B2,1,2026-03-20 21:39:29.834029
RT000612,E00204,R005,B2,1,2026-03-20 23:42:29.834029
RT000613,E00205,R008,B2,4,2026-03-20 22:34:13.778838
RT000614,E00205,R011,B2,4,2026-03-20 23:24:13.778838
RT000615,E00205,R007,B2,5,2026-03-21 00:56:13.778838
RT000616,E00206,R001,B2,5,2026-03-21 01:01:06.962255
RT000617,E00206,R008,B2,5,2026-03-21 01:16:06.962255
RT000618,E00206,R007,B2,5,2026-03-21 03:23:06.962255
RT000619,E00207,R008,B2,4,2026-03-21 02:42:37.504077
RT000620,E00207,R012,B2,5,2026-03-21 04:10:37.504077
RT000621,E00207,R001,B2,5,2026-03-21 03:26:37.504077
RT000622,E00208,R009,B2,2,2026-03-21 06:12:55.410505
RT000623,E00208,R005,B2,1,2026-03-21 07:09:55.410505
RT000624,E00208,R006,B2,2,2026-03-21 07:02:55.410505
RT000625,E00209,R001,B2,5,2026-03-21 07:24:29.912656
RT000626,E00209,R008,B2,5,2026-03-21 07:51:29.912656
RT000627,E00209,R002,B2,5,2026-03-21 10:22:29.912656
RT000628,E00210,R002,B2,1,2026-03-21 10:06:28.707838
RT000629,E00210,R005,B2,1,2026-03-21 10:37:28.707838
RT000630,E00210,R007,B2,1,2026-03-21 11:32:28.707838
RT000631,E00211,R002,B2,1,2026-03-21 11:59:11.363098
RT000632,E00211,R011,B2,1,2026-03-21 13:20:11.363098
RT000633,E00211,R007,B2,1,2026-03-21 12:49:11.363098
RT000634,E00212,R009,B2,3,2026-03-21 13:36:36.364309
RT000635,E00212,R010,B2,5,2026-03-21 14:58:36.364309
RT000636,E00212,R001,B2,5,2026-03-21 15:50:36.364309
RT000637,E00213,R009,B2,1,2026-03-21 16:06:48.188158
RT000638,E00213,R005,B2,1,2026-03-21 16:13:48.188158
RT000639,E00213,R006,B2,2,2026-03-21 18:08:48.188158
RT000640,E00214,R008,B2,5,2026-03-21 18:16:08.132824
RT000641,E00214,R006,B2,5,2026-03-21 19:35:08.132824
RT000642,E00214,R003,B2,5,2026-03-21 18:46:08.132824
RT000643,E00215,R011,B2,4,2026-03-21 21:20:45.578589
RT000644,E00215,R009,B2,4,2026-03-21 22:16:45.578589
RT000645,E00215,R008,B2,5,2026-03-21 23:16:45.578589
RT000646,E00216,R002,B2,3,2026-03-21 22:31:36.064983
RT000647,E00216,R012,B2,4,2026-03-21 22:55:36.064983
RT000648,E00216,R006,B2,3,2026-03-21 23:31:36.064983
RT000649,E00217,R005,B2,4,2026-03-22 00:15:39.462546
RT000650,E00217,R006,B2,5,2026-03-22 01:20:39.462546
RT000651,E00217,R001,B2,5,2026-03-22 02:53:39.462546
RT000652,E00218,R009,B2,3,2026-03-22 04:01:51.619843
RT000653,E00218,R010,B2,2,2026-03-22 04:09:51.619843
RT000654,E00218,R008,B2,4,2026-03-22 04:39:51.619843
RT000655,E00219,R012,B2,5,2026-03-22 04:36:52.906601
RT000656,E00219,R011,B2,4,2026-03-22 06:00:52.906601
RT000657,E00219,R010,B2,4,2026-03-22 05:04:52.906601
RT000658,E00220,R012,B2,2,2026-03-22 06:55:49.996088
RT000659,E00220,R006,B2,1,2026-03-22 07:13:49.996088
RT000660,E00220,R011,B2,1,2026-03-22 08:15:49.996088
RT000661,E00221,R010,B2,4,2026-03-22 10:59:40.637346
RT000662,E00221,R003,B2,4,2026-03-22 11:15:40.637346
RT000663,E00221,R008,B2,3,2026-03-22 11:59:40.637346
RT000664,E00222,R006,B2,2,2026-03-22 12:50:22.117490
RT000665,E00222,R001,B2,2,2026-03-22 12:51:22.117490
RT000666,E00222,R011,B2,1,2026-03-22 15:22:22.117490
RT000667,E00223,R010,B2,2,2026-03-22 13:48:11.172220
RT000668,E00223,R001,B2,3,2026-03-22 14:08:11.172220
RT000669,E00223,R007,B2,3,2026-03-22 16:32:11.172220
RT000670,E00224,R011,B2,3,2026-03-22 15:44:26.240198
RT000671,E00224,R004,B2,3,2026-03-22 17:04:26.240198
RT000672,E00224,R001,B2,3,2026-03-22 16:06:26.240198
RT000673,E00225,R011,B2,4,2026-03-22 18:50:21.019615
RT000674,E00225,R004,B2,5,2026-03-22 19:42:21.019615
RT000675,E00225,R012,B2,4,2026-03-22 18:58:21.019615
RT000676,E00226,R007,B2,4,2026-03-22 21:29:00.170628
RT000677,E00226,R011,B2,3,2026-03-22 22:58:00.170628
RT000678,E00226,R009,B2,3,2026-03-22 23:43:00.170628
RT000679,E00227,R006,B2,4,2026-03-22 22:46:04.841878
RT000680,E00227,R007,B2,3,2026-03-22 23:04:04.841878
RT000681,E00227,R008,B2,4,2026-03-22 23:16:04.841878
RT000682,E00228,R003,B2,1,2026-03-23 01:02:24.754314
RT000683,E00228,R010,B2,1,2026-03-23 01:47:24.754314
RT000684,E00228,R008,B2,2,2026-03-23 01:56:24.754314
RT000685,E00229,R007,B2,3,2026-03-23 03:38:16.299134
RT000686,E00229,R012,B2,4,2026-03-23 04:17:16.299134
RT000687,E00229,R002,B2,3,2026-03-23 05:54:16.299134
RT000688,E00230,R007,B2,4,2026-03-23 05:20:46.559131
RT000689,E00230,R009,B2,2,2026-03-23 05:53:46.559131
RT000690,E00230,R010,B2,3,2026-03-23 07:56:46.559131
RT000691,E00231,R001,B2,4,2026-03-23 07:30:50.544113
RT000692,E00231,R007,B2,4,2026-03-23 07:55:50.544113
RT000693,E00231,R009,B2,3,2026-03-23 08:24:50.544113
RT000694,E00232,R005,B2,3,2026-03-23 09:34:24.572767
RT000695,E00232,R003,B2,4,2026-03-23 10:46:24.572767
RT000696,E00232,R011,B2,4,2026-03-23 12:16:24.572767
RT000697,E00233,R008,B2,5,2026-03-23 11:52:21.288731
RT000698,E00233,R001,B2,4,2026-03-23 12:05:21.288731
RT000699,E00233,R007,B2,4,2026-03-23 14:30:21.288731
RT000700,E00234,R009,B2,3,2026-03-23 14:42:33.980573
RT000701,E00234,R010,B2,2,2026-03-23 16:02:33.980573
RT000702,E00234,R006,B2,3,2026-03-23 16:40:33.980573
RT000703,E00235,R009,B2,2,2026-03-23 17:26:56.418487
RT000704,E00235,R007,B2,3,2026-03-23 18:25:56.418487
RT000705,E00235,R002,B2,2,2026-03-23 17:56:56.418487
RT000706,E00236,R004,B2,4,2026-03-23 19:48:40.445259
RT000707,E00236,R008,B2,4,2026-03-23 19:58:40.445259
RT000708,E00236,R012,B2,5,2026-03-23 21:44:40.445259
RT000709,E00237,R010,B2,5,2026-03-23 21:28:18.618709
RT000710,E00237,R007,B2,5,2026-03-23 21:57:18.618709
RT000711,E00237,R006,B2,5,2026-03-23 23:46:18.618709
RT000712,E00238,R008,B2,4,2026-03-24 00:23:32.116255
RT000713,E00238,R012,B2,3,2026-03-24 00:25:32.116255
RT000714,E00238,R006,B2,3,2026-03-24 01:51:32.116255
RT000715,E00239,R005,B2,1,2026-03-24 01:31:14.848227
RT000716,E00239,R009,B2,2,2026-03-24 02:05:14.848227
RT000717,E00239,R001,B2,3,2026-03-24 03:47:14.848227
RT000718,E00240,R008,B2,4,2026-03-24 03:01:42.693659
RT000719,E00240,R006,B2,3,2026-03-24 04:29:42.693659
RT000720,E00240,R011,B2,3,2026-03-24 03:45:42.693659
RT000721,E00241,R009,B2,1,2026-03-24 06:06:56.784085
RT000722,E00241,R010,B2,1,2026-03-24 07:06:56.784085
RT000723,E00241,R012,B2,1,2026-03-24 08:24:56.784085
RT000724,E00242,R007,B2,2,2026-03-24 08:31:56.763590
RT000725,E00242,R009,B2,1,2026-03-24 09:08:56.763590
RT000726,E00242,R006,B2,1,2026-03-24 11:29:56.763590
RT000727,E00243,R004,B2,2,2026-03-24 10:51:05.100449
RT000728,E00243,R006,B2,3,2026-03-24 11:33:05.100449
RT000729,E00243,R009,B2,2,2026-03-24 12:51:05.100449
RT000730,E00244,R011,B2,2,2026-03-24 13:00:26.903661
RT000731,E00244,R009,B2,2,2026-03-24 13:08:26.903661
RT000732,E00244,R007,B2,2,2026-03-24 13:28:26.903661
RT000733,E00245,R003,B2,1,2026-03-24 14:24:24.788861
RT000734,E00245,R008,B2,2,2026-03-24 15:39:24.788861
RT000735,E00245,R001,B2,2,2026-03-24 14:58:24.788861
RT000736,E00246,R008,B2,5,2026-03-24 17:34:52.330721
RT000737,E00246,R006,B2,5,2026-03-24 17:40:52.330721
RT000738,E00246,R009,B2,5,2026-03-24 19:04:52.330721
RT000739,E00247,R011,B2,1,2026-03-24 19:39:34.696232
RT000740,E00247,R010,B2,2,2026-03-24 19:58:34.696232
RT000741,E00247,R002,B2,1,2026-03-24 20:11:34.696232
RT000742,E00248,R005,B2,1,2026-03-24 21:42:12.231064
RT000743,E00248,R007,B2,1,2026-03-24 22:46:12.231064
RT000744,E00248,R012,B2,1,2026-03-24 22:00:12.231064
RT000745,E00249,R005,B2,4,2026-03-24 23:14:46.523084
RT000746,E00249,R004,B2,5,2026-03-25 00:11:46.523084
RT000747,E00249,R001,B2,5,2026-03-25 00:46:46.523084
RT000748,E00250,R008,B2,4,2026-03-25 02:02:44.526954
RT000749,E00250,R011,B2,4,2026-03-25 02:34:44.526954
RT000750,E00250,R012,B2,4,2026-03-25 02:50:44.526954
RT000751,E00251,R006,B2,5,2026-03-25 03:40:50.619203
RT000752,E00251,R009,B2,4,2026-03-25 03:51:50.619203
RT000753,E00251,R003,B2,5,2026-03-25 03:40:50.619203
RT000754,E00252,R004,B2,2,2026-03-25 05:37:48.545819
RT000755,E00252,R011,B2,2,2026-03-25 06:17:48.545819
RT000756,E00252,R007,B2,2,2026-03-25 05:59:48.545819
RT000757,E00253,R002,B2,1,2026-03-25 07:42:40.861419
RT000758,E00253,R010,B2,2,2026-03-25 08:21:40.861419
RT000759,E00253,R005,B2,1,2026-03-25 09:26:40.861419
RT000760,E00254,R010,B2,3,2026-03-25 09:54:54.126978
RT000761,E00254,R004,B2,3,2026-03-25 10:55:54.126978
RT000762,E00254,R005,B2,1,2026-03-25 10:18:54.126978
RT000763,E00255,R008,B2,2,2026-03-25 11:53:35.240292
RT000764,E00255,R001,B2,1,2026-03-25 12:30:35.240292
RT000765,E00255,R010,B2,1,2026-03-25 14:27:35.240292
RT000766,E00256,R008,B2,5,2026-03-25 14:47:59.648864
RT000767,E00256,R003,B2,5,2026-03-25 16:06:59.648864
RT000768,E00256,R006,B2,5,2026-03-25 17:05:59.648864
RT000769,E00257,R011,B2,5,2026-03-25 16:47:37.958912
RT000770,E00257,R008,B2,5,2026-03-25 17:10:37.958912
RT000771,E00257,R004,B2,5,2026-03-25 18:37:37.958912
RT000772,E00258,R011,B2,1,2026-03-25 19:24:47.600206
RT000773,E00258,R001,B2,1,2026-03-25 20:50:47.600206
RT000774,E00258,R003,B2,2,2026-03-25 21:14:47.600206
RT000775,E00259,R009,B2,1,2026-03-25 21:25:12.213939
RT000776,E00259,R004,B2,2,2026-03-25 22:44:12.213939
RT000777,E00259,R008,B2,4,2026-03-26 00:07:12.213939
RT000778,E00260,R001,B2,5,2026-03-25 23:13:07.916423
RT000779,E00260,R005,B2,4,2026-03-25 23:33:07.916423
RT000780,E00260,R002,B2,4,2026-03-25 23:19:07.916423
RT000781,E00261,R012,B2,2,2026-03-26 02:03:34.564399
RT000782,E00261,R010,B2,2,2026-03-26 02:45:34.564399
RT000783,E00261,R004,B2,4,2026-03-26 03:17:34.564399
RT000784,E00262,R010,B2,1,2026-03-26 05:02:38.143206
RT000785,E00262,R004,B2,1,2026-03-26 05:09:38.143206
RT000786,E00262,R011,B2,1,2026-03-26 06:44:38.143206
RT000787,E00263,R001,B2,1,2026-03-26 06:17:35.384281
RT000788,E00263,R004,B2,1,2026-03-26 07:24:35.384281
RT000789,E00263,R008,B2,1,2026-03-26 07:05:35.384281
RT000790,E00264,R011,B2,2,2026-03-26 09:32:02.019398
RT000791,E00264,R007,B2,1,2026-03-26 10:12:02.019398
RT000792,E00264,R012,B2,2,2026-03-26 11:00:02.019398
RT000793,E00265,R011,B2,3,2026-03-26 10:10:30.226415
RT000794,E00265,R007,B2,3,2026-03-26 10:24:30.226415
RT000795,E00265,R010,B2,2,2026-03-26 10:46:30.226415
RT000796,E00266,R009,B2,1,2026-03-26 13:11:21.859238
RT000797,E00266,R005,B2,1,2026-03-26 14:28:21.859238
RT000798,E00266,R012,B2,2,2026-03-26 14:41:21.859238
RT000799,E00267,R003,B2,5,2026-03-26 15:16:52.117334
RT000800,E00267,R011,B2,5,2026-03-26 15:49:52.117334
RT000801,E00267,R001,B2,5,2026-03-26 17:22:52.117334
RT000802,E00268,R009,B2,4,2026-03-26 18:13:04.605640
RT000803,E00268,R012,B2,4,2026-03-26 18:28:04.605640
RT000804,E00268,R002,B2,4,2026-03-26 19:11:04.605640
RT000805,E00269,R010,B2,4,2026-03-26 20:21:28.289037
RT000806,E00269,R001,B2,5,2026-03-26 20:21:28.289037
RT000807,E00269,R005,B2,4,2026-03-26 21:15:28.289037
RT000808,E00270,R002,B2,2,2026-03-26 22:15:45.873411
RT000809,E00270,R005,B2,2,2026-03-26 23:01:45.873411
RT000810,E00270,R009,B2,2,2026-03-26 23:37:45.873411
RT000811,E00271,R010,B2,2,2026-03-26 23:32:34.363806
RT000812,E00271,R006,B2,1,2026-03-27 00:07:34.363806
RT000813,E00271,R004,B2,3,2026-03-27 00:14:34.363806
RT000814,E00272,R007,B2,3,2026-03-27 02:22:08.191882
RT000815,E00272,R005,B2,2,2026-03-27 02:50:08.191882
RT000816,E00272,R004,B2,5,2026-03-27 03:30:08.191882
RT000817,E00273,R012,B2,5,2026-03-27 05:07:10.920409
RT000818,E00273,R010,B2,5,2026-03-27 06:04:10.920409
RT000819,E00273,R007,B2,5,2026-03-27 08:05:10.920409
RT000820,E00274,R007,B2,5,2026-03-27 06:33:42.538408
RT000821,E00274,R011,B2,5,2026-03-27 07:37:42.538408
RT000822,E00274,R005,B2,4,2026-03-27 08:01:42.538408
RT000823,E00275,R009,B2,5,2026-03-27 09:33:31.929451
RT000824,E00275,R010,B2,4,2026-03-27 09:52:31.929451
RT000825,E00275,R002,B2,5,2026-03-27 10:55:31.929451
RT000826,E00276,R004,B2,3,2026-03-27 11:20:09.051864
RT000827,E00276,R009,B2,3,2026-03-27 12:11:09.051864
RT000828,E00276,R001,B2,4,2026-03-27 13:58:09.051864
RT000829,E00277,R008,B2,1,2026-03-27 12:46:24.182583
RT000830,E00277,R009,B2,1,2026-03-27 13:29:24.182583
RT000831,E00277,R003,B2,1,2026-03-27 14:38:24.182583
RT000832,E00278,R009,B2,4,2026-03-27 16:07:00.067239
RT000833,E00278,R012,B2,5,2026-03-27 16:56:00.067239
RT000834,E00278,R008,B2,5,2026-03-27 18:31:00.067239
RT000835,E00279,R009,B2,1,2026-03-27 18:05:01.110578
RT000836,E00279,R008,B2,1,2026-03-27 18:43:01.110578
RT000837,E00279,R012,B2,1,2026-03-27 20:39:01.110578
RT000838,E00280,R003,B2,1,2026-03-27 19:46:21.780648
RT000839,E00280,R008,B2,2,2026-03-27 19:47:21.780648
RT000840,E00280,R007,B2,2,2026-03-27 20:42:21.780648
RT000841,E00281,R007,B2,5,2026-03-27 22:44:44.199830
RT000842,E00281,R010,B2,5,2026-03-27 23:53:44.199830
RT000843,E00281,R006,B2,5,2026-03-28 01:10:44.199830
RT000844,E00282,R012,B2,2,2026-03-27 23:48:51.848162
RT000845,E00282,R003,B2,2,2026-03-28 00:10:51.848162
RT000846,E00282,R008,B2,2,2026-03-28 00:06:51.848162
RT000847,E00283,R003,B2,1,2026-03-28 01:50:49.517526
RT000848,E00283,R006,B2,2,2026-03-28 02:20:49.517526
RT000849,E00283,R008,B2,1,2026-03-28 02:28:49.517526
RT000850,E00284,R012,B2,5,2026-03-28 05:08:52.973419
RT000851,E00284,R002,B2,4,2026-03-28 06:03:52.973419
RT000852,E00284,R007,B2,3,2026-03-28 06:42:52.973419
RT000853,E00285,R001,B2,5,2026-03-28 06:46:24.311526
RT000854,E00285,R003,B2,4,2026-03-28 07:34:24.311526
RT000855,E00285,R008,B2,5,2026-03-28 09:24:24.311526
RT000856,E00286,R010,B2,3,2026-03-28 09:11:02.420790
RT000857,E00286,R004,B2,3,2026-03-28 10:21:02.420790
RT000858,E00286,R007,B2,3,2026-03-28 10:45:02.420790
RT000859,E00287,R012,B2,5,2026-03-28 11:43:33.529939
RT000860,E00287,R010,B2,5,2026-03-28 12:20:33.529939
RT000861,E00287,R004,B2,5,2026-03-28 12:27:33.529939
RT000862,E00288,R012,B2,5,2026-03-28 12:51:03.768900
RT000863,E00288,R010,B2,5,2026-03-28 13:40:03.768900
RT000864,E00288,R009,B2,4,2026-03-28 13:39:03.768900
RT000865,E00289,R012,B2,5,2026-03-28 14:55:20.584149
RT000866,E00289,R007,B2,5,2026-03-28 16:23:20.584149
RT000867,E00289,R010,B2,5,2026-03-28 16:47:20.584149
RT000868,E00290,R006,B2,4,2026-03-28 17:42:19.806295
RT000869,E00290,R005,B2,5,2026-03-28 18:24:19.806295
RT000870,E00290,R003,B2,3,2026-03-28 18:08:19.806295
RT000871,E00291,R005,B2,2,2026-03-28 19:06:11.372720
RT000872,E00291,R009,B2,3,2026-03-28 20:13:11.372720
RT000873,E00291,R002,B2,3,2026-03-28 21:54:11.372720
RT000874,E00292,R011,B2,5,2026-03-28 23:11:22.726849
RT000875,E00292,R001,B2,5,2026-03-29 00:38:22.726849
RT000876,E00292,R009,B2,5,2026-03-29 01:45:22.726849
RT000877,E00293,R007,B2,3,2026-03-29 00:18:03.886600
RT000878,E00293,R011,B2,2,2026-03-29 00:49:03.886600
RT000879,E00293,R001,B2,2,2026-03-29 00:48:03.886600
RT000880,E00294,R011,B2,4,2026-03-29 02:48:10.566253
RT000881,E00294,R001,B2,4,2026-03-29 03:38:10.566253
RT000882,E00294,R004,B2,4,2026-03-29 03:42:10.566253
RT000883,E00295,R012,B2,1,2026-03-29 04:13:39.490715
RT000884,E00295,R007,B2,2,2026-03-29 05:12:39.490715
RT000885,E00295,R008,B2,1,2026-03-29 04:51:39.490715
RT000886,E00296,R003,B2,4,2026-03-29 07:41:07.953199
RT000887,E00296,R001,B2,4,2026-03-29 08:04:07.953199
RT000888,E00296,R006,B2,3,2026-03-29 08:39:07.953199
RT000889,E00297,R008,B2,5,2026-03-29 09:31:00.720669
RT000890,E00297,R006,B2,5,2026-03-29 10:02:00.720669
RT000891,E00297,R012,B2,5,2026-03-29 09:31:00.720669
RT000892,E00298,R001,B2,5,2026-03-29 12:16:44.580288
RT000893,E00298,R006,B2,5,2026-03-29 13:01:44.580288
RT000894,E00298,R004,B2,5,2026-03-29 13:20:44.580288
RT000895,E00299,R007,B2,5,2026-03-29 12:41:37.370563
RT000896,E00299,R011,B2,4,2026-03-29 12:42:37.370563
RT000897,E00299,R008,B2,4,2026-03-29 14:11:37.370563
RT000898,E00300,R005,B2,2,2026-03-29 14:54:30.895832
RT000899,E00300,R008,B2,3,2026-03-29 15:22:30.895832
RT000900,E00300,R006,B2,4,2026-03-29 16:36:30.895832
RT000901,E00301,R008,B3,5,2026-03-30 00:51:35.168716
RT000902,E00301,R002,B3,4,2026-03-30 01:03:35.168716
RT000903,E00301,R004,B3,5,2026-03-30 03:43:35.168716
RT000904,E00302,R006,B3,3,2026-03-30 01:47:08.497243
RT000905,E00302,R003,B3,1,2026-03-30 02:26:08.497243
RT000906,E00302,R005,B3,2,2026-03-30 02:05:08.497243
RT000907,E00303,R002,B3,1,2026-03-30 03:52:18.424230
RT000908,E00303,R001,B3,1,2026-03-30 05:00:18.424230
RT000909,E00303,R010,B3,1,2026-03-30 06:00:18.424230
RT000910,E00304,R004,B3,4,2026-03-30 05:52:38.694743
RT000911,E00304,R009,B3,3,2026-03-30 07:09:38.694743
RT000912,E00304,R002,B3,4,2026-03-30 07:48:38.694743
RT000913,E00305,R002,B3,4,2026-03-30 07:55:27.402126
RT000914,E00305,R006,B3,4,2026-03-30 09:24:27.402126
RT000915,E00305,R009,B3,3,2026-03-30 09:43:27.402126
RT000916,E00306,R012,B3,4,2026-03-30 10:18:35.023762
RT000917,E00306,R006,B3,4,2026-03-30 11:38:35.023762
RT000918,E00306,R003,B3,5,2026-03-30 12:54:35.023762
RT000919,E00307,R005,B3,1,2026-03-30 13:55:09.912466
RT000920,E00307,R011,B3,2,2026-03-30 15:01:09.912466
RT000921,E00307,R008,B3,1,2026-03-30 14:27:09.912466
RT000922,E00308,R011,B3,4,2026-03-30 14:47:58.009179
RT000923,E00308,R004,B3,4,2026-03-30 15:32:58.009179
RT000924,E00308,R012,B3,4,2026-03-30 16:35:58.009179
RT000925,E00309,R006,B3,1,2026-03-30 17:46:01.153571
RT000926,E00309,R010,B3,2,2026-03-30 18:52:01.153571
RT000927,E00309,R005,B3,1,2026-03-30 19:24:01.153571
RT000928,E00310,R004,B3,4,2026-03-30 20:47:50.607546
RT000929,E00310,R002,B3,4,2026-03-30 22:16:50.607546
RT000930,E00310,R006,B3,5,2026-03-30 21:31:50.607546
RT000931,E00311,R007,B3,4,2026-03-30 22:50:09.186012
RT000932,E00311,R002,B3,3,2026-03-31 00:06:09.186012
RT000933,E00311,R004,B3,3,2026-03-31 01:24:09.186012
RT000934,E00312,R012,B3,4,2026-03-31 00:04:31.932243
RT000935,E00312,R006,B3,3,2026-03-31 00:44:31.932243
RT000936,E00312,R002,B3,4,2026-03-31 00:32:31.932243
RT000937,E00313,R009,B3,4,2026-03-31 01:57:15.338249
RT000938,E00313,R004,B3,5,2026-03-31 03:13:15.338249
RT000939,E00313,R008,B3,5,2026-03-31 02:49:15.338249
RT000940,E00314,R008,B3,5,2026-03-31 05:25:35.155621
RT000941,E00314,R002,B3,5,2026-03-31 05:51:35.155621
RT000942,E00314,R009,B3,4,2026-03-31 08:11:35.155621
RT000943,E00315,R005,B3,3,2026-03-31 05:57:16.315418
RT000944,E00315,R007,B3,4,2026-03-31 06:18:16.315418
RT000945,E00315,R004,B3,4,2026-03-31 07:13:16.315418
RT000946,E00316,R004,B3,3,2026-03-31 08:03:37.578267
RT000947,E00316,R008,B3,2,2026-03-31 09:09:37.578267
RT000948,E00316,R001,B3,3,2026-03-31 10:11:37.578267
RT000949,E00317,R003,B3,1,2026-03-31 10:34:40.409403
RT000950,E00317,R011,B3,1,2026-03-31 11:10:40.409403
RT000951,E00317,R010,B3,1,2026-03-31 11:54:40.409403
RT000952,E00318,R011,B3,2,2026-03-31 13:16:02.891811
RT000953,E00318,R005,B3,2,2026-03-31 13:24:02.891811
RT000954,E00318,R010,B3,1,2026-03-31 13:22:02.891811
RT000955,E00319,R005,B3,4,2026-03-31 16:03:31.323204
RT000956,E00319,R009,B3,5,2026-03-31 17:23:31.323204
RT000957,E00319,R007,B3,5,2026-03-31 16:51:31.323204
RT000958,E00320,R003,B3,2,2026-03-31 16:51:45.196209
RT000959,E00320,R006,B3,4,2026-03-31 18:20:45.196209
RT000960,E00320,R009,B3,1,2026-03-31 18:19:45.196209
RT000961,E00321,R010,B3,2,2026-03-31 20:38:05.204669
RT000962,E00321,R002,B3,2,2026-03-31 21:50:05.204669
RT000963,E00321,R011,B3,1,2026-03-31 22:36:05.204669
RT000964,E00322,R002,B3,5,2026-03-31 23:05:16.422789
RT000965,E00322,R003,B3,5,2026-03-31 23:05:16.422789
RT000966,E00322,R007,B3,5,2026-04-01 01:17:16.422789
RT000967,E00323,R003,B3,4,2026-04-01 00:17:28.320214
RT000968,E00323,R005,B3,3,2026-04-01 01:43:28.320214
RT000969,E00323,R010,B3,3,2026-04-01 03:03:28.320214
RT000970,E00324,R008,B3,5,2026-04-01 02:58:14.269745
RT000971,E00324,R006,B3,5,2026-04-01 03:26:14.269745
RT000972,E00324,R001,B3,5,2026-04-01 05:22:14.269745
RT000973,E00325,R006,B3,1,2026-04-01 03:55:33.096093
RT000974,E00325,R009,B3,1,2026-04-01 05:17:33.096093
RT000975,E00325,R010,B3,1,2026-04-01 04:31:33.096093
RT000976,E00326,R011,B3,1,2026-04-01 06:42:02.643082
RT000977,E00326,R010,B3,1,2026-04-01 07:55:02.643082
RT000978,E00326,R007,B3,2,2026-04-01 07:06:02.643082
RT000979,E00327,R006,B3,3,2026-04-01 08:50:48.618657
RT000980,E00327,R011,B3,1,2026-04-01 09:10:48.618657
RT000981,E00327,R004,B3,1,2026-04-01 08:54:48.618657
RT000982,E00328,R006,B3,5,2026-04-01 12:08:59.273308
RT000983,E00328,R008,B3,5,2026-04-01 12:22:59.273308
RT000984,E00328,R007,B3,4,2026-04-01 13:54:59.273308
RT000985,E00329,R006,B3,3,2026-04-01 14:33:44.005936
RT000986,E00329,R009,B3,3,2026-04-01 15:30:44.005936
RT000987,E00329,R001,B3,3,2026-04-01 15:51:44.005936
RT000988,E00330,R001,B3,5,2026-04-01 15:11:46.889022
RT000989,E00330,R004,B3,3,2026-04-01 16:24:46.889022
RT000990,E00330,R011,B3,4,2026-04-01 16:43:46.889022
RT000991,E00331,R009,B3,1,2026-04-01 17:44:19.609609
RT000992,E00331,R006,B3,3,2026-04-01 18:23:19.609609
RT000993,E00331,R004,B3,2,2026-04-01 19:30:19.609609
RT000994,E00332,R001,B3,2,2026-04-01 20:06:34.507853
RT000995,E00332,R009,B3,2,2026-04-01 20:26:34.507853
RT000996,E00332,R011,B3,2,2026-04-01 22:04:34.507853
RT000997,E00333,R004,B3,5,2026-04-01 23:15:31.949472
RT000998,E00333,R006,B3,5,2026-04-02 00:23:31.949472
RT000999,E00333,R005,B3,4,2026-04-01 23:59:31.949472
RT001000,E00334,R003,B3,4,2026-04-01 23:38:15.004225
RT001001,E00334,R008,B3,5,2026-04-01 23:47:15.004225
RT001002,E00334,R007,B3,4,2026-04-02 02:34:15.004225
RT001003,E00335,R008,B3,5,2026-04-02 02:26:55.247951
RT001004,E00335,R009,B3,3,2026-04-02 02:32:55.247951
RT001005,E00335,R006,B3,4,2026-04-02 03:18:55.247951
RT001006,E00336,R011,B3,2,2026-04-02 04:01:07.937239
RT001007,E00336,R005,B3,1,2026-04-02 04:17:07.937239
RT001008,E00336,R008,B3,3,2026-04-02 05:43:07.937239
RT001009,E00337,R001,B3,1,2026-04-02 07:17:46.029191
RT001010,E00337,R005,B3,1,2026-04-02 07:43:46.029191
RT001011,E00337,R004,B3,1,2026-04-02 09:23:46.029191
RT001012,E00338,R012,B3,3,2026-04-02 08:51:13.258689
RT001013,E00338,R008,B3,3,2026-04-02 09:47:13.258689
RT001014,E00338,R004,B3,2,2026-04-02 10:09:13.258689
RT001015,E00339,R012,B3,4,2026-04-02 12:04:10.917509
RT001016,E00339,R007,B3,5,2026-04-02 13:09:10.917509
RT001017,E00339,R002,B3,3,2026-04-02 12:36:10.917509
RT001018,E00340,R009,B3,2,2026-04-02 14:13:22.122102
RT001019,E00340,R002,B3,3,2026-04-02 15:09:22.122102
RT001020,E00340,R006,B3,3,2026-04-02 16:33:22.122102
RT001021,E00341,R012,B3,5,2026-04-02 16:46:00.344511
RT001022,E00341,R009,B3,5,2026-04-02 18:12:00.344511
RT001023,E00341,R001,B3,5,2026-04-02 17:22:00.344511
RT001024,E00342,R002,B3,5,2026-04-02 17:13:50.855916
RT001025,E00342,R011,B3,5,2026-04-02 18:38:50.855916
RT001026,E00342,R010,B3,5,2026-04-02 17:59:50.855916
RT001027,E00343,R007,B3,4,2026-04-02 20:07:24.129660
RT001028,E00343,R012,B3,5,2026-04-02 21:35:24.129660
RT001029,E00343,R010,B3,4,2026-04-02 21:51:24.129660
RT001030,E00344,R009,B3,3,2026-04-02 22:46:05.148159
RT001031,E00344,R007,B3,3,2026-04-03 00:12:05.148159
RT001032,E00344,R010,B3,3,2026-04-03 01:04:05.148159
RT001033,E00345,R001,B3,5,2026-04-03 01:17:56.238930
RT001034,E00345,R003,B3,4,2026-04-03 02:10:56.238930
RT001035,E00345,R002,B3,5,2026-04-03 01:25:56.238930
RT001036,E00346,R009,B3,2,2026-04-03 02:49:44.745773
RT001037,E00346,R001,B3,4,2026-04-03 03:37:44.745773
RT001038,E00346,R012,B3,3,2026-04-03 05:07:44.745773
RT001039,E00347,R008,B3,2,2026-04-03 05:51:08.968473
RT001040,E00347,R012,B3,1,2026-04-03 06:20:08.968473
RT001041,E00347,R010,B3,1,2026-04-03 06:01:08.968473
RT001042,E00348,R010,B3,1,2026-04-03 07:02:42.262238
RT001043,E00348,R009,B3,1,2026-04-03 07:14:42.262238
RT001044,E00348,R012,B3,1,2026-04-03 09:04:42.262238
RT001045,E00349,R005,B3,1,2026-04-03 10:25:41.236178
RT001046,E00349,R012,B3,2,2026-04-03 10:52:41.236178
RT001047,E00349,R011,B3,2,2026-04-03 13:05:41.236178
RT001048,E00350,R003,B3,3,2026-04-03 12:44:05.375859
RT001049,E00350,R001,B3,3,2026-04-03 13:01:05.375859
RT001050,E00350,R012,B3,4,2026-04-03 12:58:05.375859
RT001051,E00351,R006,B3,1,2026-04-03 13:09:36.139864
RT001052,E00351,R012,B3,3,2026-04-03 14:24:36.139864
RT001053,E00351,R008,B3,2,2026-04-03 14:59:36.139864
RT001054,E00352,R009,B3,1,2026-04-03 16:15:14.558755
RT001055,E00352,R011,B3,1,2026-04-03 16:47:14.558755
RT001056,E00352,R002,B3,1,2026-04-03 18:25:14.558755
RT001057,E00353,R003,B3,1,2026-04-03 17:53:13.693602
RT001058,E00353,R009,B3,1,2026-04-03 19:22:13.693602
RT001059,E00353,R011,B3,1,2026-04-03 19:15:13.693602
RT001060,E00354,R003,B3,3,2026-04-03 20:51:03.341439
RT001061,E00354,R002,B3,2,2026-04-03 22:11:03.341439
RT001062,E00354,R004,B3,2,2026-04-03 22:05:03.341439
RT001063,E00355,R012,B3,2,2026-04-03 23:12:37.904759
RT001064,E00355,R008,B3,2,2026-04-04 00:22:37.904759
RT001065,E00355,R007,B3,2,2026-04-03 23:24:37.904759
RT001066,E00356,R006,B3,2,2026-04-04 00:24:13.731973
RT001067,E00356,R005,B3,1,2026-04-04 01:07:13.731973
RT001068,E00356,R008,B3,2,2026-04-04 02:32:13.731973
RT001069,E00357,R005,B3,5,2026-04-04 03:15:02.785917
RT001070,E00357,R002,B3,5,2026-04-04 03:45:02.785917
RT001071,E00357,R006,B3,5,2026-04-04 05:11:02.785917
RT001072,E00358,R010,B3,3,2026-04-04 04:47:48.763224
RT001073,E00358,R012,B3,4,2026-04-04 05:00:48.763224
RT001074,E00358,R011,B3,3,2026-04-04 06:09:48.763224
RT001075,E00359,R012,B3,2,2026-04-04 08:35:23.002106
RT001076,E00359,R003,B3,2,2026-04-04 09:31:23.002106
RT001077,E00359,R009,B3,2,2026-04-04 11:01:23.002106
RT001078,E00360,R007,B3,4,2026-04-04 08:51:40.802245
RT001079,E00360,R012,B3,4,2026-04-04 09:24:40.802245
RT001080,E00360,R005,B3,3,2026-04-04 11:19:40.802245
RT001081,E00361,R003,B3,3,2026-04-04 11:14:19.917178
RT001082,E00361,R008,B3,2,2026-04-04 11:53:19.917178
RT001083,E00361,R011,B3,2,2026-04-04 11:44:19.917178
RT001084,E00362,R004,B3,1,2026-04-04 15:07:10.659597
RT001085,E00362,R012,B3,2,2026-04-04 16:13:10.659597
RT001086,E00362,R003,B3,3,2026-04-04 17:37:10.659597
RT001087,E00363,R009,B3,3,2026-04-04 15:27:18.342873
RT001088,E00363,R004,B3,5,2026-04-04 16:53:18.342873
RT001089,E00363,R007,B3,5,2026-04-04 15:37:18.342873
RT001090,E00364,R008,B3,3,2026-04-04 19:21:45.998671
RT001091,E00364,R002,B3,2,2026-04-04 20:25:45.998671
RT001092,E00364,R010,B3,3,2026-04-04 22:13:45.998671
RT001093,E00365,R008,B3,1,2026-04-04 21:23:45.125644
RT001094,E00365,R003,B3,1,2026-04-04 22:26:45.125644
RT001095,E00365,R006,B3,3,2026-04-04 21:23:45.125644
RT001096,E00366,R006,B3,4,2026-04-04 23:38:04.359979
RT001097,E00366,R007,B3,4,2026-04-05 00:54:04.359979
RT001098,E00366,R004,B3,5,2026-04-05 00:32:04.359979
RT001099,E00367,R001,B3,2,2026-04-05 01:52:19.388666
RT001100,E00367,R007,B3,1,2026-04-05 03:12:19.388666
RT001101,E00367,R003,B3,1,2026-04-05 01:58:19.388666
RT001102,E00368,R006,B3,5,2026-04-05 03:05:38.622907
RT001103,E00368,R007,B3,5,2026-04-05 03:23:38.622907
RT001104,E00368,R008,B3,5,2026-04-05 04:59:38.622907
RT001105,E00369,R004,B3,1,2026-04-05 04:54:40.288011
RT001106,E00369,R008,B3,2,2026-04-05 05:00:40.288011
RT001107,E00369,R005,B3,1,2026-04-05 07:12:40.288011
RT001108,E00370,R004,B3,1,2026-04-05 07:52:15.207752
RT001109,E00370,R007,B3,1,2026-04-05 08:24:15.207752
RT001110,E00370,R009,B3,1,2026-04-05 08:54:15.207752
RT001111,E00371,R002,B3,3,2026-04-05 09:40:23.114466
RT001112,E00371,R010,B3,2,2026-04-05 10:28:23.114466
RT001113,E00371,R006,B3,3,2026-04-05 12:30:23.114466
RT001114,E00372,R008,B3,3,2026-04-05 12:20:38.118032
RT001115,E00372,R005,B3,4,2026-04-05 12:52:38.118032
RT001116,E00372,R009,B3,2,2026-04-05 14:46:38.118032
RT001117,E00373,R006,B3,2,2026-04-05 15:06:29.860606
RT001118,E00373,R002,B3,2,2026-04-05 16:28:29.860606
RT001119,E00373,R001,B3,1,2026-04-05 15:06:29.860606
RT001120,E00374,R001,B3,5,2026-04-05 17:05:15.715630
RT001121,E00374,R012,B3,4,2026-04-05 18:02:15.715630
RT001122,E00374,R008,B3,5,2026-04-05 19:43:15.715630
RT001123,E00375,R009,B3,4,2026-04-05 18:08:51.551874
RT001124,E00375,R002,B3,5,2026-04-05 18:41:51.551874
RT001125,E00375,R008,B3,4,2026-04-05 20:44:51.551874
RT001126,E00376,R010,B3,2,2026-04-05 20:00:40.315960
RT001127,E00376,R008,B3,3,2026-04-05 20:28:40.315960
RT001128,E00376,R003,B3,2,2026-04-05 20:46:40.315960
RT001129,E00377,R002,B3,3,2026-04-05 22:15:19.182103
RT001130,E00377,R006,B3,4,2026-04-05 22:24:19.182103
RT001131,E00377,R001,B3,3,2026-04-06 00:53:19.182103
RT001132,E00378,R003,B3,5,2026-04-06 02:08:24.186342
RT001133,E00378,R012,B3,5,2026-04-06 02:38:24.186342
RT001134,E00378,R002,B3,5,2026-04-06 04:52:24.186342
RT001135,E00379,R003,B3,4,2026-04-06 03:51:06.071669
RT001136,E00379,R001,B3,5,2026-04-06 04:06:06.071669
RT001137,E00379,R002,B3,5,2026-04-06 03:55:06.071669
RT001138,E00380,R010,B3,3,2026-04-06 05:16:58.860856
RT001139,E00380,R002,B3,4,2026-04-06 05:20:58.860856
RT001140,E00380,R009,B3,3,2026-04-06 07:06:58.860856
RT001141,E00381,R005,B3,2,2026-04-06 08:16:36.097045
RT001142,E00381,R006,B3,3,2026-04-06 08:40:36.097045
RT001143,E00381,R008,B3,2,2026-04-06 10:46:36.097045
RT001144,E00382,R011,B3,2,2026-04-06 10:24:02.314584
RT001145,E00382,R001,B3,2,2026-04-06 11:14:02.314584
RT001146,E00382,R003,B3,2,2026-04-06 11:38:02.314584
RT001147,E00383,R002,B3,1,2026-04-06 11:30:42.774293
RT001148,E00383,R007,B3,1,2026-04-06 11:52:42.774293
RT001149,E00383,R012,B3,1,2026-04-06 12:26:42.774293
RT001150,E00384,R002,B3,1,2026-04-06 15:03:00.832960
RT001151,E00384,R012,B3,1,2026-04-06 16:01:00.832960
RT001152,E00384,R001,B3,1,2026-04-06 15:37:00.832960
RT001153,E00385,R010,B3,3,2026-04-06 17:04:49.232986
RT001154,E00385,R003,B3,5,2026-04-06 18:10:49.232986
RT001155,E00385,R007,B3,4,2026-04-06 19:48:49.232986
RT001156,E00386,R003,B3,4,2026-04-06 18:50:42.122901
RT001157,E00386,R012,B3,5,2026-04-06 19:17:42.122901
RT001158,E00386,R008,B3,4,2026-04-06 21:36:42.122901
RT001159,E00387,R003,B3,4,2026-04-06 21:30:17.136964
RT001160,E00387,R010,B3,5,2026-04-06 22:05:17.136964
RT001161,E00387,R004,B3,5,2026-04-06 22:46:17.136964
RT001162,E00388,R008,B3,2,2026-04-06 23:07:06.128034
RT001163,E00388,R005,B3,1,2026-04-06 23:41:06.128034
RT001164,E00388,R003,B3,1,2026-04-07 01:33:06.128034
RT001165,E00389,R009,B3,3,2026-04-07 01:50:44.697529
RT001166,E00389,R001,B3,4,2026-04-07 02:38:44.697529
RT001167,E00389,R012,B3,5,2026-04-07 03:16:44.697529
RT001168,E00390,R008,B3,4,2026-04-07 04:46:46.338480
RT001169,E00390,R009,B3,2,2026-04-07 05:20:46.338480
RT001170,E00390,R005,B3,3,2026-04-07 05:56:46.338480
RT001171,E00391,R010,B3,2,2026-04-07 05:45:50.317625
RT001172,E00391,R007,B3,1,2026-04-07 06:16:50.317625
RT001173,E00391,R002,B3,1,2026-04-07 07:49:50.317625
RT001174,E00392,R011,B3,5,2026-04-07 07:29:30.736945
RT001175,E00392,R012,B3,5,2026-04-07 07:49:30.736945
RT001176,E00392,R005,B3,4,2026-04-07 08:49:30.736945
RT001177,E00393,R010,B3,1,2026-04-07 10:06:14.996121
RT001178,E00393,R006,B3,2,2026-04-07 10:50:14.996121
RT001179,E00393,R012,B3,1,2026-04-07 11:46:14.996121
RT001180,E00394,R001,B3,5,2026-04-07 11:46:56.420656
RT001181,E00394,R005,B3,5,2026-04-07 12:01:56.420656
RT001182,E00394,R003,B3,5,2026-04-07 14:14:56.420656
RT001183,E00395,R004,B3,5,2026-04-07 15:06:06.378670
RT001184,E00395,R011,B3,4,2026-04-07 15:46:06.378670
RT001185,E00395,R012,B3,4,2026-04-07 15:30:06.378670
RT001186,E00396,R005,B3,1,2026-04-07 17:36:07.748155
RT001187,E00396,R008,B3,2,2026-04-07 18:31:07.748155
RT001188,E00396,R012,B3,1,2026-04-07 19:22:07.748155
RT001189,E00397,R012,B3,2,2026-04-07 19:41:59.439563
RT001190,E00397,R008,B3,2,2026-04-07 20:22:59.439563
RT001191,E00397,R004,B3,1,2026-04-07 19:55:59.439563
RT001192,E00398,R006,B3,5,2026-04-07 22:10:53.610863
RT001193,E00398,R008,B3,5,2026-04-07 23:07:53.610863
RT001194,E00398,R003,B3,5,2026-04-07 22:32:53.610863
RT001195,E00399,R008,B3,3,2026-04-07 23:00:31.839393
RT001196,E00399,R012,B3,3,2026-04-07 23:40:31.839393
RT001197,E00399,R010,B3,4,2026-04-08 01:32:31.839393
RT001198,E00400,R002,B3,5,2026-04-08 01:06:19.394593
RT001199,E00400,R009,B3,5,2026-04-08 02:25:19.394593
RT001200,E00400,R004,B3,5,2026-04-08 02:32:19.394593
RT001201,E00401,R005,B3,3,2026-04-08 04:11:42.541879
RT001202,E00401,R003,B3,5,2026-04-08 04:17:42.541879
RT001203,E00401,R009,B3,4,2026-04-08 04:55:42.541879
RT001204,E00402,R003,B3,2,2026-04-08 05:57:29.138910
RT001205,E00402,R012,B3,2,2026-04-08 06:44:29.138910
RT001206,E00402,R006,B3,3,2026-04-08 08:33:29.138910
RT001207,E00403,R012,B3,4,2026-04-08 09:18:33.875366
RT001208,E00403,R005,B3,3,2026-04-08 09:53:33.875366
RT001209,E00403,R004,B3,4,2026-04-08 10:34:33.875366
RT001210,E00404,R002,B3,4,2026-04-08 10:52:43.730330
RT001211,E00404,R011,B3,4,2026-04-08 11:48:43.730330
RT001212,E00404,R006,B3,5,2026-04-08 12:08:43.730330
RT001213,E00405,R008,B3,4,2026-04-08 13:44:47.989750
RT001214,E00405,R002,B3,3,2026-04-08 14:44:47.989750
RT001215,E00405,R006,B3,3,2026-04-08 16:20:47.989750
RT001216,E00406,R008,B3,2,2026-04-08 15:30:22.386215
RT001217,E00406,R006,B3,1,2026-04-08 16:52:22.386215
RT001218,E00406,R002,B3,1,2026-04-08 18:24:22.386215
RT001219,E00407,R007,B3,3,2026-04-08 17:24:08.072044
RT001220,E00407,R012,B3,3,2026-04-08 18:12:08.072044
RT001221,E00407,R006,B3,3,2026-04-08 19:50:08.072044
RT001222,E00408,R012,B3,1,2026-04-08 19:50:54.546545
RT001223,E00408,R002,B3,1,2026-04-08 20:27:54.546545
RT001224,E00408,R001,B3,1,2026-04-08 19:52:54.546545
RT001225,E00409,R005,B3,1,2026-04-08 21:29:58.375981
RT001226,E00409,R007,B3,2,2026-04-08 22:24:58.375981
RT001227,E00409,R011,B3,2,2026-04-08 23:03:58.375981
RT001228,E00410,R001,B3,2,2026-04-08 23:35:23.973433
RT001229,E00410,R011,B3,1,2026-04-09 00:03:23.973433
RT001230,E00410,R003,B3,3,2026-04-08 23:53:23.973433
RT001231,E00411,R007,B3,2,2026-04-09 02:42:31.183428
RT001232,E00411,R002,B3,2,2026-04-09 03:54:31.183428
RT001233,E00411,R005,B3,1,2026-04-09 05:08:31.183428
RT001234,E00412,R007,B3,5,2026-04-09 04:43:16.516071
RT001235,E00412,R003,B3,5,2026-04-09 05:06:16.516071
RT001236,E00412,R008,B3,4,2026-04-09 06:43:16.516071
RT001237,E00413,R010,B3,3,2026-04-09 05:50:59.771384
RT001238,E00413,R001,B3,2,2026-04-09 06:26:59.771384
RT001239,E00413,R008,B3,3,2026-04-09 08:22:59.771384
RT001240,E00414,R008,B3,5,2026-04-09 08:44:12.749362
RT001241,E00414,R001,B3,5,2026-04-09 09:22:12.749362
RT001242,E00414,R005,B3,3,2026-04-09 09:46:12.749362
RT001243,E00415,R011,B3,2,2026-04-09 11:34:37.227121
RT001244,E00415,R010,B3,3,2026-04-09 12:06:37.227121
RT001245,E00415,R012,B3,2,2026-04-09 12:20:37.227121
RT001246,E00416,R002,B3,3,2026-04-09 12:53:02.235394
RT001247,E00416,R006,B3,3,2026-04-09 12:59:02.235394
RT001248,E00416,R004,B3,5,2026-04-09 13:51:02.235394
RT001249,E00417,R003,B3,4,2026-04-09 14:17:35.857711
RT001250,E00417,R009,B3,4,2026-04-09 15:27:35.857711
RT001251,E00417,R010,B3,4,2026-04-09 14:49:35.857711
RT001252,E00418,R001,B3,2,2026-04-09 16:49:16.350140
RT001253,E00418,R006,B3,2,2026-04-09 18:10:16.350140
RT001254,E00418,R008,B3,2,2026-04-09 17:27:16.350140
RT001255,E00419,R012,B3,5,2026-04-09 19:08:53.286711
RT001256,E00419,R003,B3,5,2026-04-09 19:53:53.286711
RT001257,E00419,R001,B3,5,2026-04-09 19:38:53.286711
RT001258,E00420,R006,B3,2,2026-04-09 21:17:36.109374
RT001259,E00420,R001,B3,1,2026-04-09 22:43:36.109374
RT001260,E00420,R012,B3,2,2026-04-09 21:23:36.109374
RT001261,E00421,R004,B3,4,2026-04-10 00:40:47.094836
RT001262,E00421,R010,B3,4,2026-04-10 01:42:47.094836
RT001263,E00421,R012,B3,5,2026-04-10 01:06:47.094836
RT001264,E00422,R006,B3,5,2026-04-10 03:05:19.030125
RT001265,E00422,R002,B3,5,2026-04-10 04:00:19.030125
RT001266,E00422,R005,B3,5,2026-04-10 04:55:19.030125
RT001267,E00423,R011,B3,4,2026-04-10 04:15:58.472694
RT001268,E00423,R001,B3,4,2026-04-10 04:46:58.472694
RT001269,E00423,R006,B3,4,2026-04-10 06:41:58.472694
RT001270,E00424,R003,B3,2,2026-04-10 05:36:25.163864
RT001271,E00424,R005,B3,2,2026-04-10 06:43:25.163864
RT001272,E00424,R002,B3,2,2026-04-10 07:40:25.163864
RT001273,E00425,R010,B3,4,2026-04-10 08:20:05.153919
RT001274,E00425,R012,B3,5,2026-04-10 09:49:05.153919
RT001275,E00425,R011,B3,4,2026-04-10 09:08:05.153919
RT001276,E00426,R002,B3,3,2026-04-10 10:13:01.852442
RT001277,E00426,R001,B3,3,2026-04-10 10:27:01.852442
RT001278,E00426,R008,B3,4,2026-04-10 10:33:01.852442
RT001279,E00427,R004,B3,5,2026-04-10 12:44:02.196854
RT001280,E00427,R005,B3,4,2026-04-10 13:39:02.196854
RT001281,E00427,R003,B3,5,2026-04-10 12:46:02.196854
RT001282,E00428,R007,B3,2,2026-04-10 15:45:16.233434
RT001283,E00428,R005,B3,1,2026-04-10 16:25:16.233434
RT001284,E00428,R006,B3,3,2026-04-10 16:31:16.233434
RT001285,E00429,R004,B3,1,2026-04-10 18:14:11.428978
RT001286,E00429,R001,B3,2,2026-04-10 18:15:11.428978
RT001287,E00429,R009,B3,2,2026-04-10 18:26:11.428978
RT001288,E00430,R002,B3,1,2026-04-10 20:08:20.045714
RT001289,E00430,R009,B3,1,2026-04-10 21:18:20.045714
RT001290,E00430,R004,B3,1,2026-04-10 23:00:20.045714
RT001291,E00431,R004,B3,2,2026-04-10 22:41:57.013850
RT001292,E00431,R005,B3,3,2026-04-10 22:47:57.013850
RT001293,E00431,R009,B3,3,2026-04-10 23:15:57.013850
RT001294,E00432,R008,B3,2,2026-04-11 00:33:57.975963
RT001295,E00432,R003,B3,2,2026-04-11 00:42:57.975963
RT001296,E00432,R004,B3,2,2026-04-11 01:55:57.975963
RT001297,E00433,R005,B3,4,2026-04-11 02:06:20.227941
RT001298,E00433,R007,B3,5,2026-04-11 02:59:20.227941
RT001299,E00433,R001,B3,5,2026-04-11 03:26:20.227941
RT001300,E00434,R005,B3,1,2026-04-11 04:17:09.028366
RT001301,E00434,R009,B3,2,2026-04-11 04:43:09.028366
RT001302,E00434,R011,B3,2,2026-04-11 06:09:09.028366
RT001303,E00435,R011,B3,1,2026-04-11 06:51:47.377519
RT001304,E00435,R004,B3,2,2026-04-11 08:10:47.377519
RT001305,E00435,R006,B3,1,2026-04-11 07:47:47.377519
RT001306,E00436,R010,B3,2,2026-04-11 09:15:01.546485
RT001307,E00436,R004,B3,3,2026-04-11 09:21:01.546485
RT001308,E00436,R008,B3,4,2026-04-11 09:37:01.546485
RT001309,E00437,R001,B3,1,2026-04-11 11:21:21.208114
RT001310,E00437,R012,B3,2,2026-04-11 12:02:21.208114
RT001311,E00437,R004,B3,1,2026-04-11 11:37:21.208114
RT001312,E00438,R007,B3,5,2026-04-11 13:35:49.702505
RT001313,E00438,R010,B3,5,2026-04-11 14:07:49.702505
RT001314,E00438,R003,B3,5,2026-04-11 13:51:49.702505
RT001315,E00439,R006,B3,3,2026-04-11 15:08:31.081066
RT001316,E00439,R008,B3,4,2026-04-11 15:40:31.081066
RT001317,E00439,R002,B3,3,2026-04-11 17:30:31.081066
RT001318,E00440,R003,B3,2,2026-04-11 18:37:11.060332
RT001319,E00440,R012,B3,2,2026-04-11 19:09:11.060332
RT001320,E00440,R009,B3,2,2026-04-11 20:01:11.060332
RT001321,E00441,R001,B3,4,2026-04-11 20:57:15.205827
RT001322,E00441,R002,B3,4,2026-04-11 21:15:15.205827
RT001323,E00441,R004,B3,3,2026-04-11 21:59:15.205827
RT001324,E00442,R007,B3,5,2026-04-11 22:30:38.555410
RT001325,E00442,R001,B3,5,2026-04-11 22:51:38.555410
RT001326,E00442,R005,B3,5,2026-04-12 01:02:38.555410
RT001327,E00443,R002,B3,5,2026-04-12 00:56:43.389767
RT001328,E00443,R007,B3,5,2026-04-12 01:24:43.389767
RT001329,E00443,R011,B3,5,2026-04-12 02:54:43.389767
RT001330,E00444,R001,B3,2,2026-04-12 03:30:00.382721
RT001331,E00444,R010,B3,1,2026-04-12 03:37:00.382721
RT001332,E00444,R004,B3,1,2026-04-12 04:30:00.382721
RT001333,E00445,R004,B3,2,2026-04-12 04:02:49.245053
RT001334,E00445,R010,B3,1,2026-04-12 04:43:49.245053
RT001335,E00445,R003,B3,3,2026-04-12 04:08:49.245053
RT001336,E00446,R008,B3,1,2026-04-12 07:29:21.776420
RT001337,E00446,R001,B3,1,2026-04-12 07:53:21.776420
RT001338,E00446,R012,B3,1,2026-04-12 08:41:21.776420
RT001339,E00447,R003,B3,3,2026-04-12 09:36:15.152886
RT001340,E00447,R007,B3,5,2026-04-12 10:46:15.152886
RT001341,E00447,R005,B3,5,2026-04-12 09:50:15.152886
RT001342,E00448,R003,B3,1,2026-04-12 11:08:30.738625
RT001343,E00448,R006,B3,1,2026-04-12 12:19:30.738625
RT001344,E00448,R005,B3,1,2026-04-12 11:50:30.738625
RT001345,E00449,R004,B3,1,2026-04-12 12:46:13.596066
RT001346,E00449,R002,B3,1,2026-04-12 13:48:13.596066
RT001347,E00449,R003,B3,1,2026-04-12 12:52:13.596066
RT001348,E00450,R005,B3,2,2026-04-12 15:30:01.019105
RT001349,E00450,R006,B3,3,2026-04-12 16:35:01.019105
RT001350,E00450,R008,B3,4,2026-04-12 17:32:01.019105
RT001351,E00451,R003,B4,3,2026-04-13 00:51:09.239912
RT001352,E00451,R012,B4,2,2026-04-13 02:01:09.239912
RT001353,E00451,R008,B4,2,2026-04-13 02:25:09.239912
RT001354,E00452,R006,B4,3,2026-04-13 02:49:00.835763
RT001355,E00452,R001,B4,3,2026-04-13 03:40:00.835763
RT001356,E00452,R008,B4,4,2026-04-13 04:47:00.835763
RT001357,E00453,R002,B4,4,2026-04-13 04:54:08.461009
RT001358,E00453,R008,B4,4,2026-04-13 05:14:08.461009
RT001359,E00453,R001,B4,4,2026-04-13 05:24:08.461009
RT001360,E00454,R002,B4,5,2026-04-13 07:02:46.111830
RT001361,E00454,R004,B4,5,2026-04-13 07:03:46.111830
RT001362,E00454,R001,B4,5,2026-04-13 09:44:46.111830
RT001363,E00455,R009,B4,5,2026-04-13 08:53:49.574275
RT001364,E00455,R003,B4,5,2026-04-13 10:15:49.574275
RT001365,E00455,R004,B4,4,2026-04-13 11:01:49.574275
RT001366,E00456,R007,B4,2,2026-04-13 11:15:50.104631
RT001367,E00456,R010,B4,2,2026-04-13 11:27:50.104631
RT001368,E00456,R009,B4,1,2026-04-13 12:19:50.104631
RT001369,E00457,R010,B4,1,2026-04-13 12:23:30.466643
RT001370,E00457,R004,B4,2,2026-04-13 13:29:30.466643
RT001371,E00457,R002,B4,1,2026-04-13 14:41:30.466643
RT001372,E00458,R009,B4,3,2026-04-13 16:02:29.124126
RT001373,E00458,R004,B4,4,2026-04-13 16:05:29.124126
RT001374,E00458,R011,B4,3,2026-04-13 18:54:29.124126
RT001375,E00459,R012,B4,4,2026-04-13 16:42:32.713312
RT001376,E00459,R010,B4,4,2026-04-13 17:50:32.713312
RT001377,E00459,R004,B4,4,2026-04-13 19:24:32.713312
RT001378,E00460,R002,B4,4,2026-04-13 20:31:39.787636
RT001379,E00460,R010,B4,4,2026-04-13 20:48:39.787636
RT001380,E00460,R011,B4,5,2026-04-13 22:05:39.787636
RT001381,E00461,R011,B4,3,2026-04-13 22:03:23.705925
RT001382,E00461,R002,B4,4,2026-04-13 23:10:23.705925
RT001383,E00461,R009,B4,3,2026-04-13 22:45:23.705925
RT001384,E00462,R001,B4,1,2026-04-14 01:10:24.326249
RT001385,E00462,R007,B4,3,2026-04-14 01:17:24.326249
RT001386,E00462,R006,B4,1,2026-04-14 01:54:24.326249
RT001387,E00463,R001,B4,5,2026-04-14 01:38:51.980662
RT001388,E00463,R008,B4,5,2026-04-14 02:01:51.980662
RT001389,E00463,R009,B4,5,2026-04-14 04:16:51.980662
RT001390,E00464,R003,B4,5,2026-04-14 05:31:26.091738
RT001391,E00464,R005,B4,4,2026-04-14 06:14:26.091738
RT001392,E00464,R001,B4,4,2026-04-14 06:23:26.091738
RT001393,E00465,R012,B4,3,2026-04-14 06:33:56.338753
RT001394,E00465,R006,B4,4,2026-04-14 07:12:56.338753
RT001395,E00465,R005,B4,3,2026-04-14 07:03:56.338753
RT001396,E00466,R005,B4,2,2026-04-14 09:26:21.733878
RT001397,E00466,R002,B4,3,2026-04-14 10:36:21.733878
RT001398,E00466,R001,B4,3,2026-04-14 10:04:21.733878
RT001399,E00467,R006,B4,1,2026-04-14 10:25:52.167406
RT001400,E00467,R010,B4,1,2026-04-14 11:44:52.167406
RT001401,E00467,R004,B4,1,2026-04-14 11:01:52.167406
RT001402,E00468,R009,B4,5,2026-04-14 13:03:22.485484
RT001403,E00468,R003,B4,5,2026-04-14 14:24:22.485484
RT001404,E00468,R002,B4,5,2026-04-14 15:03:22.485484
RT001405,E00469,R001,B4,5,2026-04-14 15:16:44.126188
RT001406,E00469,R004,B4,4,2026-04-14 15:48:44.126188
RT001407,E00469,R003,B4,5,2026-04-14 15:24:44.126188
RT001408,E00470,R006,B4,3,2026-04-14 17:58:07.625621
RT001409,E00470,R004,B4,3,2026-04-14 18:50:07.625621
RT001410,E00470,R002,B4,2,2026-04-14 19:06:07.625621
RT001411,E00471,R003,B4,4,2026-04-14 20:54:39.800653
RT001412,E00471,R010,B4,3,2026-04-14 22:06:39.800653
RT001413,E00471,R008,B4,3,2026-04-14 22:16:39.800653
RT001414,E00472,R010,B4,1,2026-04-14 22:02:40.922655
RT001415,E00472,R006,B4,1,2026-04-14 22:26:40.922655
RT001416,E00472,R005,B4,1,2026-04-15 00:10:40.922655
RT001417,E00473,R008,B4,4,2026-04-15 01:06:14.368388
RT001418,E00473,R004,B4,2,2026-04-15 01:33:14.368388
RT001419,E00473,R003,B4,3,2026-04-15 02:54:14.368388
RT001420,E00474,R001,B4,3,2026-04-15 03:05:18.770765
RT001421,E00474,R012,B4,3,2026-04-15 04:34:18.770765
RT001422,E00474,R011,B4,3,2026-04-15 04:49:18.770765
RT001423,E00475,R009,B4,2,2026-04-15 05:14:09.115048
RT001424,E00475,R005,B4,3,2026-04-15 05:37:09.115048
RT001425,E00475,R001,B4,4,2026-04-15 06:52:09.115048
RT001426,E00476,R004,B4,4,2026-04-15 07:56:46.036705
RT001427,E00476,R002,B4,5,2026-04-15 08:30:46.036705
RT001428,E00476,R009,B4,4,2026-04-15 10:00:46.036705
RT001429,E00477,R012,B4,4,2026-04-15 08:31:33.292170
RT001430,E00477,R005,B4,4,2026-04-15 08:36:33.292170
RT001431,E00477,R001,B4,4,2026-04-15 09:59:33.292170
RT001432,E00478,R002,B4,1,2026-04-15 11:47:06.385526
RT001433,E00478,R007,B4,2,2026-04-15 13:16:06.385526
RT001434,E00478,R005,B4,1,2026-04-15 12:59:06.385526
RT001435,E00479,R009,B4,1,2026-04-15 14:10:26.938725
RT001436,E00479,R005,B4,2,2026-04-15 15:31:26.938725
RT001437,E00479,R002,B4,2,2026-04-15 16:14:26.938725
RT001438,E00480,R003,B4,2,2026-04-15 15:50:51.231775
RT001439,E00480,R004,B4,3,2026-04-15 16:11:51.231775
RT001440,E00480,R002,B4,2,2026-04-15 16:46:51.231775
RT001441,E00481,R002,B4,5,2026-04-15 17:44:51.740915
RT001442,E00481,R004,B4,5,2026-04-15 18:58:51.740915
RT001443,E00481,R010,B4,4,2026-04-15 19:10:51.740915
RT001444,E00482,R002,B4,3,2026-04-15 20:07:51.172729
RT001445,E00482,R004,B4,4,2026-04-15 21:34:51.172729
RT001446,E00482,R006,B4,4,2026-04-15 21:55:51.172729
RT001447,E00483,R003,B4,5,2026-04-15 21:29:51.791329
RT001448,E00483,R005,B4,5,2026-04-15 22:36:51.791329
RT001449,E00483,R010,B4,5,2026-04-16 00:07:51.791329
RT001450,E00484,R010,B4,4,2026-04-16 00:14:26.728509
RT001451,E00484,R003,B4,4,2026-04-16 01:07:26.728509
RT001452,E00484,R001,B4,5,2026-04-16 02:58:26.728509
RT001453,E00485,R008,B4,5,2026-04-16 03:06:48.633212
RT001454,E00485,R009,B4,5,2026-04-16 04:11:48.633212
RT001455,E00485,R003,B4,5,2026-04-16 03:34:48.633212
RT001456,E00486,R002,B4,1,2026-04-16 05:08:54.754583
RT001457,E00486,R011,B4,1,2026-04-16 06:19:54.754583
RT001458,E00486,R005,B4,1,2026-04-16 05:34:54.754583
RT001459,E00487,R001,B4,1,2026-04-16 07:29:10.173679
RT001460,E00487,R008,B4,1,2026-04-16 07:59:10.173679
RT001461,E00487,R007,B4,1,2026-04-16 09:03:10.173679
RT001462,E00488,R011,B4,4,2026-04-16 09:10:25.124488
RT001463,E00488,R010,B4,5,2026-04-16 10:02:25.124488
RT001464,E00488,R009,B4,5,2026-04-16 09:40:25.124488
RT001465,E00489,R006,B4,5,2026-04-16 10:40:25.331092
RT001466,E00489,R009,B4,5,2026-04-16 10:54:25.331092
RT001467,E00489,R001,B4,5,2026-04-16 13:34:25.331092
RT001468,E00490,R005,B4,4,2026-04-16 13:31:20.447835
RT001469,E00490,R008,B4,5,2026-04-16 14:58:20.447835
RT001470,E00490,R007,B4,4,2026-04-16 14:57:20.447835
RT001471,E00491,R006,B4,5,2026-04-16 15:06:31.971077
RT001472,E00491,R007,B4,4,2026-04-16 15:56:31.971077
RT001473,E00491,R002,B4,4,2026-04-16 15:52:31.971077
RT001474,E00492,R007,B4,4,2026-04-16 18:10:40.512902
RT001475,E00492,R002,B4,3,2026-04-16 18:39:40.512902
RT001476,E00492,R012,B4,3,2026-04-16 20:08:40.512902
RT001477,E00493,R010,B4,1,2026-04-16 19:34:58.585696
RT001478,E00493,R008,B4,2,2026-04-16 20:18:58.585696
RT001479,E00493,R005,B4,1,2026-04-16 20:26:58.585696
RT001480,E00494,R001,B4,5,2026-04-16 21:45:30.380768
RT001481,E00494,R004,B4,5,2026-04-16 22:40:30.380768
RT001482,E00494,R010,B4,4,2026-04-16 22:53:30.380768
RT001483,E00495,R002,B4,1,2026-04-17 00:03:25.464657
RT001484,E00495,R006,B4,1,2026-04-17 00:14:25.464657
RT001485,E00495,R003,B4,1,2026-04-17 00:41:25.464657
RT001486,E00496,R010,B4,5,2026-04-17 03:59:58.998107
RT001487,E00496,R006,B4,5,2026-04-17 05:06:58.998107
RT001488,E00496,R011,B4,5,2026-04-17 05:31:58.998107
RT001489,E00497,R001,B4,5,2026-04-17 04:37:22.592163
RT001490,E00497,R009,B4,4,2026-04-17 05:33:22.592163
RT001491,E00497,R011,B4,5,2026-04-17 06:35:22.592163
RT001492,E00498,R009,B4,3,2026-04-17 06:36:40.472795
RT001493,E00498,R002,B4,3,2026-04-17 07:20:40.472795
RT001494,E00498,R010,B4,4,2026-04-17 07:08:40.472795
RT001495,E00499,R004,B4,4,2026-04-17 09:53:44.802252
RT001496,E00499,R007,B4,5,2026-04-17 11:22:44.802252
RT001497,E00499,R012,B4,5,2026-04-17 10:09:44.802252
RT001498,E00500,R005,B4,4,2026-04-17 12:13:40.398949
RT001499,E00500,R011,B4,4,2026-04-17 12:46:40.398949
RT001500,E00500,R012,B4,4,2026-04-17 13:19:40.398949
RT001501,E00501,R003,B4,3,2026-04-17 14:12:22.889015
RT001502,E00501,R008,B4,3,2026-04-17 15:28:22.889015
RT001503,E00501,R006,B4,3,2026-04-17 14:32:22.889015
RT001504,E00502,R009,B4,3,2026-04-17 17:06:20.045877
RT001505,E00502,R007,B4,3,2026-04-17 17:30:20.045877
RT001506,E00502,R002,B4,3,2026-04-17 18:52:20.045877
RT001507,E00503,R010,B4,3,2026-04-17 18:26:33.937486
RT001508,E00503,R004,B4,3,2026-04-17 19:13:33.937486
RT001509,E00503,R011,B4,3,2026-04-17 19:56:33.937486
RT001510,E00504,R011,B4,2,2026-04-17 19:38:20.759796
RT001511,E00504,R004,B4,1,2026-04-17 19:39:20.759796
RT001512,E00504,R001,B4,2,2026-04-17 22:18:20.759796
RT001513,E00505,R007,B4,3,2026-04-17 22:48:11.094567
RT001514,E00505,R008,B4,3,2026-04-17 23:45:11.094567
RT001515,E00505,R006,B4,3,2026-04-18 01:00:11.094567
RT001516,E00506,R001,B4,1,2026-04-18 01:05:25.286227
RT001517,E00506,R008,B4,2,2026-04-18 01:09:25.286227
RT001518,E00506,R007,B4,2,2026-04-18 03:41:25.286227
RT001519,E00507,R011,B4,4,2026-04-18 03:07:27.158341
RT001520,E00507,R001,B4,4,2026-04-18 04:09:27.158341
RT001521,E00507,R007,B4,5,2026-04-18 05:25:27.158341
RT001522,E00508,R002,B4,2,2026-04-18 04:29:27.905520
RT001523,E00508,R010,B4,1,2026-04-18 04:38:27.905520
RT001524,E00508,R007,B4,1,2026-04-18 04:51:27.905520
RT001525,E00509,R003,B4,1,2026-04-18 07:42:05.671846
RT001526,E00509,R007,B4,2,2026-04-18 08:42:05.671846
RT001527,E00509,R005,B4,1,2026-04-18 07:42:05.671846
RT001528,E00510,R008,B4,5,2026-04-18 10:38:20.630866
RT001529,E00510,R004,B4,4,2026-04-18 11:57:20.630866
RT001530,E00510,R007,B4,5,2026-04-18 13:22:20.630866
RT001531,E00511,R002,B4,4,2026-04-18 11:04:23.771581
RT001532,E00511,R005,B4,4,2026-04-18 11:15:23.771581
RT001533,E00511,R001,B4,4,2026-04-18 13:54:23.771581
RT001534,E00512,R001,B4,2,2026-04-18 13:15:21.978405
RT001535,E00512,R011,B4,2,2026-04-18 14:36:21.978405
RT001536,E00512,R012,B4,2,2026-04-18 15:37:21.978405
RT001537,E00513,R001,B4,3,2026-04-18 16:16:43.552074
RT001538,E00513,R002,B4,1,2026-04-18 16:35:43.552074
RT001539,E00513,R008,B4,3,2026-04-18 18:06:43.552074
RT001540,E00514,R007,B4,5,2026-04-18 19:35:46.701604
RT001541,E00514,R006,B4,5,2026-04-18 19:36:46.701604
RT001542,E00514,R008,B4,5,2026-04-18 22:31:46.701604
RT001543,E00515,R011,B4,3,2026-04-18 21:17:04.078111
RT001544,E00515,R004,B4,3,2026-04-18 21:47:04.078111
RT001545,E00515,R010,B4,4,2026-04-18 22:09:04.078111
RT001546,E00516,R011,B4,5,2026-04-18 22:12:46.727263
RT001547,E00516,R007,B4,5,2026-04-18 23:00:46.727263
RT001548,E00516,R010,B4,5,2026-04-19 00:54:46.727263
RT001549,E00517,R005,B4,2,2026-04-19 01:21:14.216307
RT001550,E00517,R006,B4,1,2026-04-19 02:10:14.216307
RT001551,E00517,R007,B4,2,2026-04-19 03:03:14.216307
RT001552,E00518,R001,B4,2,2026-04-19 03:47:18.507855
RT001553,E00518,R011,B4,2,2026-04-19 05:14:18.507855
RT001554,E00518,R008,B4,2,2026-04-19 05:53:18.507855
RT001555,E00519,R001,B4,2,2026-04-19 06:11:12.467908
RT001556,E00519,R006,B4,2,2026-04-19 06:26:12.467908
RT001557,E00519,R010,B4,2,2026-04-19 09:09:12.467908
RT001558,E00520,R005,B4,1,2026-04-19 07:32:08.575642
RT001559,E00520,R008,B4,1,2026-04-19 08:43:08.575642
RT001560,E00520,R002,B4,1,2026-04-19 10:20:08.575642
RT001561,E00521,R004,B4,4,2026-04-19 10:49:22.707878
RT001562,E00521,R006,B4,5,2026-04-19 11:36:22.707878
RT001563,E00521,R001,B4,5,2026-04-19 13:21:22.707878
RT001564,E00522,R008,B4,3,2026-04-19 11:56:14.086708
RT001565,E00522,R006,B4,3,2026-04-19 12:22:14.086708
RT001566,E00522,R005,B4,2,2026-04-19 13:40:14.086708
RT001567,E00523,R003,B4,5,2026-04-19 14:27:23.332514
RT001568,E00523,R012,B4,5,2026-04-19 14:44:23.332514
RT001569,E00523,R002,B4,4,2026-04-19 14:59:23.332514
RT001570,E00524,R001,B4,4,2026-04-19 16:27:07.143110
RT001571,E00524,R004,B4,3,2026-04-19 16:47:07.143110
RT001572,E00524,R008,B4,3,2026-04-19 18:55:07.143110
RT001573,E00525,R003,B4,5,2026-04-19 18:35:54.403621
RT001574,E00525,R005,B4,3,2026-04-19 19:58:54.403621
RT001575,E00525,R007,B4,4,2026-04-19 20:23:54.403621
RT001576,E00526,R009,B4,2,2026-04-19 21:38:47.975898
RT001577,E00526,R002,B4,2,2026-04-19 21:41:47.975898
RT001578,E00526,R005,B4,2,2026-04-19 22:56:47.975898
RT001579,E00527,R009,B4,5,2026-04-19 23:21:56.029696
RT001580,E00527,R006,B4,5,2026-04-20 00:01:56.029696
RT001581,E00527,R008,B4,5,2026-04-20 01:55:56.029696
RT001582,E00528,R012,B4,5,2026-04-20 00:38:27.160755
RT001583,E00528,R006,B4,5,2026-04-20 01:44:27.160755
RT001584,E00528,R010,B4,5,2026-04-20 03:26:27.160755
RT001585,E00529,R004,B4,5,2026-04-20 03:21:17.780278
RT001586,E00529,R007,B4,4,2026-04-20 04:32:17.780278
RT001587,E00529,R005,B4,4,2026-04-20 03:35:17.780278
RT001588,E00530,R005,B4,3,2026-04-20 05:12:11.202679
RT001589,E00530,R006,B4,3,2026-04-20 06:34:11.202679
RT001590,E00530,R009,B4,2,2026-04-20 05:52:11.202679
RT001591,E00531,R005,B4,2,2026-04-20 07:28:41.086143
RT001592,E00531,R008,B4,2,2026-04-20 08:45:41.086143
RT001593,E00531,R012,B4,2,2026-04-20 09:22:41.086143
RT001594,E00532,R001,B4,2,2026-04-20 09:35:24.864399
RT001595,E00532,R009,B4,1,2026-04-20 10:42:24.864399
RT001596,E00532,R010,B4,2,2026-04-20 11:37:24.864399
RT001597,E00533,R012,B4,3,2026-04-20 12:34:39.266627
RT001598,E00533,R011,B4,3,2026-04-20 12:34:39.266627
RT001599,E00533,R003,B4,3,2026-04-20 14:12:39.266627
RT001600,E00534,R007,B4,2,2026-04-20 14:14:06.395236
RT001601,E00534,R009,B4,2,2026-04-20 14:53:06.395236
RT001602,E00534,R006,B4,2,2026-04-20 14:40:06.395236
RT001603,E00535,R011,B4,5,2026-04-20 17:11:10.875260
RT001604,E00535,R002,B4,4,2026-04-20 17:41:10.875260
RT001605,E00535,R006,B4,4,2026-04-20 19:23:10.875260
RT001606,E00536,R003,B4,1,2026-04-20 18:12:50.908124
RT001607,E00536,R009,B4,1,2026-04-20 18:15:50.908124
RT001608,E00536,R005,B4,1,2026-04-20 20:18:50.908124
RT001609,E00537,R011,B4,5,2026-04-20 21:47:02.874301
RT001610,E00537,R002,B4,4,2026-04-20 22:54:02.874301
RT001611,E00537,R007,B4,4,2026-04-20 23:37:02.874301
RT001612,E00538,R009,B4,1,2026-04-20 22:26:04.509776
RT001613,E00538,R006,B4,1,2026-04-20 23:55:04.509776
RT001614,E00538,R002,B4,1,2026-04-20 22:32:04.509776
RT001615,E00539,R006,B4,1,2026-04-21 02:09:16.022299
RT001616,E00539,R012,B4,1,2026-04-21 02:18:16.022299
RT001617,E00539,R005,B4,1,2026-04-21 03:07:16.022299
RT001618,E00540,R004,B4,5,2026-04-21 04:12:44.141434
RT001619,E00540,R010,B4,4,2026-04-21 05:14:44.141434
RT001620,E00540,R007,B4,5,2026-04-21 04:38:44.141434
RT001621,E00541,R003,B4,1,2026-04-21 05:36:36.466679
RT001622,E00541,R007,B4,2,2026-04-21 06:21:36.466679
RT001623,E00541,R005,B4,1,2026-04-21 08:26:36.466679
RT001624,E00542,R001,B4,5,2026-04-21 09:10:10.261416
RT001625,E00542,R010,B4,3,2026-04-21 10:20:10.261416
RT001626,E00542,R011,B4,4,2026-04-21 12:06:10.261416
RT001627,E00543,R009,B4,4,2026-04-21 10:11:18.786258
RT001628,E00543,R004,B4,5,2026-04-21 10:36:18.786258
RT001629,E00543,R011,B4,5,2026-04-21 10:43:18.786258
RT001630,E00544,R008,B4,1,2026-04-21 11:44:24.025635
RT001631,E00544,R010,B4,1,2026-04-21 12:53:24.025635
RT001632,E00544,R003,B4,1,2026-04-21 12:24:24.025635
RT001633,E00545,R009,B4,1,2026-04-21 14:49:38.431613
RT001634,E00545,R010,B4,2,2026-04-21 16:08:38.431613
RT001635,E00545,R002,B4,2,2026-04-21 15:39:38.431613
RT001636,E00546,R011,B4,4,2026-04-21 17:40:31.292486
RT001637,E00546,R007,B4,5,2026-04-21 18:08:31.292486
RT001638,E00546,R004,B4,4,2026-04-21 20:28:31.292486
RT001639,E00547,R008,B4,5,2026-04-21 19:49:41.744358
RT001640,E00547,R003,B4,5,2026-04-21 20:23:41.744358
RT001641,E00547,R011,B4,5,2026-04-21 21:43:41.744358
RT001642,E00548,R008,B4,4,2026-04-21 22:04:39.955886
RT001643,E00548,R001,B4,3,2026-04-21 22:17:39.955886
RT001644,E00548,R003,B4,3,2026-04-22 00:44:39.955886
RT001645,E00549,R010,B4,3,2026-04-22 00:29:39.418561
RT001646,E00549,R009,B4,3,2026-04-22 01:16:39.418561
RT001647,E00549,R007,B4,4,2026-04-22 00:37:39.418561
RT001648,E00550,R003,B4,5,2026-04-22 01:55:07.113602
RT001649,E00550,R006,B4,5,2026-04-22 01:56:07.113602
RT001650,E00550,R005,B4,3,2026-04-22 04:01:07.113602
RT001651,E00551,R002,B4,5,2026-04-22 04:26:21.926023
RT001652,E00551,R005,B4,5,2026-04-22 05:12:21.926023
RT001653,E00551,R010,B4,5,2026-04-22 06:42:21.926023
RT001654,E00552,R008,B4,1,2026-04-22 07:05:41.338276
RT001655,E00552,R007,B4,2,2026-04-22 08:25:41.338276
RT001656,E00552,R006,B4,2,2026-04-22 09:15:41.338276
RT001657,E00553,R009,B4,4,2026-04-22 08:02:19.167838
RT001658,E00553,R001,B4,5,2026-04-22 09:26:19.167838
RT001659,E00553,R007,B4,5,2026-04-22 08:16:19.167838
RT001660,E00554,R001,B4,5,2026-04-22 11:27:44.296815
RT001661,E00554,R005,B4,2,2026-04-22 12:11:44.296815
RT001662,E00554,R008,B4,3,2026-04-22 13:31:44.296815
RT001663,E00555,R010,B4,1,2026-04-22 12:58:38.299094
RT001664,E00555,R011,B4,1,2026-04-22 13:06:38.299094
RT001665,E00555,R012,B4,1,2026-04-22 14:54:38.299094
RT001666,E00556,R009,B4,1,2026-04-22 14:15:17.979055
RT001667,E00556,R007,B4,2,2026-04-22 14:32:17.979055
RT001668,E00556,R006,B4,2,2026-04-22 15:51:17.979055
RT001669,E00557,R008,B4,4,2026-04-22 16:41:06.198218
RT001670,E00557,R002,B4,4,2026-04-22 17:08:06.198218
RT001671,E00557,R011,B4,5,2026-04-22 16:53:06.198218
RT001672,E00558,R010,B4,2,2026-04-22 19:19:31.527614
RT001673,E00558,R006,B4,4,2026-04-22 20:37:31.527614
RT001674,E00558,R011,B4,3,2026-04-22 22:17:31.527614
RT001675,E00559,R011,B4,4,2026-04-22 22:27:47.193552
RT001676,E00559,R005,B4,2,2026-04-22 22:47:47.193552
RT001677,E00559,R001,B4,4,2026-04-23 00:31:47.193552
RT001678,E00560,R003,B4,4,2026-04-22 23:23:30.599559
RT001679,E00560,R010,B4,4,2026-04-23 00:29:30.599559
RT001680,E00560,R011,B4,2,2026-04-23 02:11:30.599559
RT001681,E00561,R005,B4,1,2026-04-23 02:09:26.962554
RT001682,E00561,R003,B4,1,2026-04-23 02:46:26.962554
RT001683,E00561,R012,B4,1,2026-04-23 03:23:26.962554
RT001684,E00562,R010,B4,1,2026-04-23 04:48:02.042040
RT001685,E00562,R012,B4,2,2026-04-23 04:55:02.042040
RT001686,E00562,R005,B4,1,2026-04-23 04:54:02.042040
RT001687,E00563,R004,B4,2,2026-04-23 06:04:33.706792
RT001688,E00563,R012,B4,3,2026-04-23 06:16:33.706792
RT001689,E00563,R002,B4,3,2026-04-23 08:32:33.706792
RT001690,E00564,R003,B4,1,2026-04-23 08:50:52.180369
RT001691,E00564,R009,B4,1,2026-04-23 09:13:52.180369
RT001692,E00564,R006,B4,1,2026-04-23 09:52:52.180369
RT001693,E00565,R004,B4,3,2026-04-23 11:08:38.566415
RT001694,E00565,R003,B4,4,2026-04-23 12:23:38.566415
RT001695,E00565,R002,B4,3,2026-04-23 14:00:38.566415
RT001696,E00566,R003,B4,1,2026-04-23 13:15:03.637551
RT001697,E00566,R006,B4,1,2026-04-23 14:41:03.637551
RT001698,E00566,R002,B4,1,2026-04-23 15:29:03.637551
RT001699,E00567,R006,B4,4,2026-04-23 15:01:35.277657
RT001700,E00567,R005,B4,5,2026-04-23 15:05:35.277657
RT001701,E00567,R002,B4,5,2026-04-23 15:21:35.277657
RT001702,E00568,R002,B4,1,2026-04-23 17:17:45.221553
RT001703,E00568,R009,B4,1,2026-04-23 18:20:45.221553
RT001704,E00568,R006,B4,1,2026-04-23 19:03:45.221553
RT001705,E00569,R008,B4,5,2026-04-23 20:31:18.741148
RT001706,E00569,R009,B4,5,2026-04-23 20:51:18.741148
RT001707,E00569,R005,B4,4,2026-04-23 21:13:18.741148
RT001708,E00570,R002,B4,5,2026-04-23 21:25:16.178755
RT001709,E00570,R012,B4,5,2026-04-23 22:02:16.178755
RT001710,E00570,R007,B4,5,2026-04-23 21:49:16.178755
RT001711,E00571,R006,B4,2,2026-04-23 23:25:03.496327
RT001712,E00571,R001,B4,3,2026-04-24 00:53:03.496327
RT001713,E00571,R011,B4,2,2026-04-24 02:11:03.496327
RT001714,E00572,R005,B4,1,2026-04-24 03:11:21.107970
RT001715,E00572,R011,B4,2,2026-04-24 04:22:21.107970
RT001716,E00572,R008,B4,3,2026-04-24 03:23:21.107970
RT001717,E00573,R002,B4,4,2026-04-24 05:04:00.211075
RT001718,E00573,R005,B4,2,2026-04-24 05:49:00.211075
RT001719,E00573,R006,B4,4,2026-04-24 06:10:00.211075
RT001720,E00574,R005,B4,4,2026-04-24 07:28:05.602217
RT001721,E00574,R012,B4,3,2026-04-24 08:02:05.602217
RT001722,E00574,R011,B4,3,2026-04-24 07:56:05.602217
RT001723,E00575,R009,B4,1,2026-04-24 09:17:42.242814
RT001724,E00575,R008,B4,3,2026-04-24 09:56:42.242814
RT001725,E00575,R003,B4,3,2026-04-24 10:27:42.242814
RT001726,E00576,R012,B4,5,2026-04-24 10:41:55.377929
RT001727,E00576,R007,B4,4,2026-04-24 11:52:55.377929
RT001728,E00576,R002,B4,4,2026-04-24 11:55:55.377929
RT001729,E00577,R010,B4,1,2026-04-24 12:59:10.415638
RT001730,E00577,R002,B4,1,2026-04-24 13:39:10.415638
RT001731,E00577,R001,B4,1,2026-04-24 15:03:10.415638
RT001732,E00578,R011,B4,1,2026-04-24 14:27:43.855872
RT001733,E00578,R002,B4,1,2026-04-24 14:35:43.855872
RT001734,E00578,R010,B4,1,2026-04-24 17:03:43.855872
RT001735,E00579,R010,B4,3,2026-04-24 18:28:37.964397
RT001736,E00579,R012,B4,3,2026-04-24 19:26:37.964397
RT001737,E00579,R001,B4,2,2026-04-24 20:52:37.964397
RT001738,E00580,R012,B4,1,2026-04-24 19:13:31.474599
RT001739,E00580,R008,B4,2,2026-04-24 19:49:31.474599
RT001740,E00580,R001,B4,2,2026-04-24 21:25:31.474599
RT001741,E00581,R004,B4,3,2026-04-24 22:01:16.738932
RT001742,E00581,R012,B4,4,2026-04-24 23:04:16.738932
RT001743,E00581,R008,B4,3,2026-04-25 00:43:16.738932
RT001744,E00582,R008,B4,4,2026-04-25 00:32:57.618105
RT001745,E00582,R007,B4,5,2026-04-25 01:16:57.618105
RT001746,E00582,R003,B4,5,2026-04-25 01:58:57.618105
RT001747,E00583,R011,B4,5,2026-04-25 02:04:07.146208
RT001748,E00583,R012,B4,5,2026-04-25 03:23:07.146208
RT001749,E00583,R009,B4,5,2026-04-25 03:16:07.146208
RT001750,E00584,R008,B4,3,2026-04-25 04:26:45.364383
RT001751,E00584,R003,B4,2,2026-04-25 05:19:45.364383
RT001752,E00584,R012,B4,2,2026-04-25 04:56:45.364383
RT001753,E00585,R004,B4,3,2026-04-25 07:08:17.351199
RT001754,E00585,R012,B4,2,2026-04-25 07:08:17.351199
RT001755,E00585,R007,B4,2,2026-04-25 08:44:17.351199
RT001756,E00586,R011,B4,3,2026-04-25 08:20:20.062893
RT001757,E00586,R009,B4,3,2026-04-25 08:46:20.062893
RT001758,E00586,R012,B4,3,2026-04-25 08:54:20.062893
RT001759,E00587,R008,B4,5,2026-04-25 11:28:26.228799
RT001760,E00587,R007,B4,5,2026-04-25 12:51:26.228799
RT001761,E00587,R012,B4,5,2026-04-25 14:02:26.228799
RT001762,E00588,R003,B4,3,2026-04-25 14:20:00.198558
RT001763,E00588,R004,B4,1,2026-04-25 15:10:00.198558
RT001764,E00588,R001,B4,1,2026-04-25 17:12:00.198558
RT001765,E00589,R001,B4,4,2026-04-25 16:07:34.122137
RT001766,E00589,R003,B4,4,2026-04-25 16:23:34.122137
RT001767,E00589,R006,B4,4,2026-04-25 16:37:34.122137
RT001768,E00590,R001,B4,2,2026-04-25 16:50:38.803685
RT001769,E00590,R006,B4,2,2026-04-25 18:17:38.803685
RT001770,E00590,R004,B4,1,2026-04-25 17:16:38.803685
RT001771,E00591,R001,B4,4,2026-04-25 20:18:41.223404
RT001772,E00591,R006,B4,5,2026-04-25 20:49:41.223404
RT001773,E00591,R004,B4,4,2026-04-25 22:48:41.223404
RT001774,E00592,R001,B4,3,2026-04-25 21:55:17.989544
RT001775,E00592,R012,B4,4,2026-04-25 22:08:17.989544
RT001776,E00592,R005,B4,4,2026-04-25 22:45:17.989544
RT001777,E00593,R001,B4,3,2026-04-25 23:26:18.360993
RT001778,E00593,R011,B4,2,2026-04-26 00:28:18.360993
RT001779,E00593,R005,B4,2,2026-04-26 01:56:18.360993
RT001780,E00594,R009,B4,2,2026-04-26 03:27:48.256318
RT001781,E00594,R003,B4,3,2026-04-26 03:28:48.256318
RT001782,E00594,R002,B4,2,2026-04-26 03:55:48.256318
RT001783,E00595,R012,B4,5,2026-04-26 04:07:25.941744
RT001784,E00595,R001,B4,5,2026-04-26 05:01:25.941744
RT001785,E00595,R004,B4,4,2026-04-26 04:49:25.941744
RT001786,E00596,R004,B4,1,2026-04-26 07:55:12.167457
RT001787,E00596,R012,B4,1,2026-04-26 09:24:12.167457
RT001788,E00596,R011,B4,1,2026-04-26 09:33:12.167457
RT001789,E00597,R005,B4,4,2026-04-26 08:28:20.550990
RT001790,E00597,R003,B4,5,2026-04-26 09:21:20.550990
RT001791,E00597,R009,B4,5,2026-04-26 10:22:20.550990
RT001792,E00598,R010,B4,2,2026-04-26 10:37:21.958245
RT001793,E00598,R011,B4,1,2026-04-26 11:28:21.958245
RT001794,E00598,R001,B4,1,2026-04-26 10:37:21.958245
RT001795,E00599,R009,B4,2,2026-04-26 13:42:07.776735
RT001796,E00599,R007,B4,3,2026-04-26 14:04:07.776735
RT001797,E00599,R004,B4,2,2026-04-26 16:04:07.776735
RT001798,E00600,R009,B4,3,2026-04-26 15:23:59.758314
RT001799,E00600,R002,B4,5,2026-04-26 16:12:59.758314
RT001800,E00600,R005,B4,4,2026-04-26 16:37:59.758314
RT001801,E00601,R006,B5,2,2026-04-27 00:04:07.575456
RT001802,E00601,R001,B5,2,2026-04-27 00:25:07.575456
RT001803,E00601,R002,B5,2,2026-04-27 01:22:07.575456
RT001804,E00602,R006,B5,2,2026-04-27 02:06:46.864309
RT001805,E00602,R007,B5,1,2026-04-27 03:05:46.864309
RT001806,E00602,R001,B5,1,2026-04-27 03:22:46.864309
RT001807,E00603,R001,B5,3,2026-04-27 04:43:27.785922
RT001808,E00603,R003,B5,2,2026-04-27 05:05:27.785922
RT001809,E00603,R008,B5,3,2026-04-27 05:09:27.785922
RT001810,E00604,R008,B5,2,2026-04-27 06:44:32.035933
RT001811,E00604,R001,B5,2,2026-04-27 07:00:32.035933
RT001812,E00604,R009,B5,2,2026-04-27 08:32:32.035933
RT001813,E00605,R010,B5,1,2026-04-27 09:36:40.212734
RT001814,E00605,R004,B5,1,2026-04-27 10:10:40.212734
RT001815,E00605,R007,B5,2,2026-04-27 09:36:40.212734
RT001816,E00606,R008,B5,5,2026-04-27 11:04:26.956961
RT001817,E00606,R006,B5,5,2026-04-27 11:21:26.956961
RT001818,E00606,R001,B5,5,2026-04-27 12:00:26.956961
RT001819,E00607,R008,B5,3,2026-04-27 13:29:23.017681
RT001820,E00607,R002,B5,3,2026-04-27 13:48:23.017681
RT001821,E00607,R007,B5,3,2026-04-27 14:29:23.017681
RT001822,E00608,R007,B5,3,2026-04-27 14:56:42.395086
RT001823,E00608,R001,B5,2,2026-04-27 15:40:42.395086
RT001824,E00608,R006,B5,2,2026-04-27 16:54:42.395086
RT001825,E00609,R007,B5,4,2026-04-27 17:17:57.104967
RT001826,E00609,R003,B5,4,2026-04-27 17:20:57.104967
RT001827,E00609,R012,B5,4,2026-04-27 19:35:57.104967
RT001828,E00610,R008,B5,5,2026-04-27 20:21:13.512114
RT001829,E00610,R003,B5,5,2026-04-27 21:30:13.512114
RT001830,E00610,R007,B5,5,2026-04-27 21:07:13.512114
RT001831,E00611,R006,B5,1,2026-04-27 21:04:14.357602
RT001832,E00611,R007,B5,2,2026-04-27 21:52:14.357602
RT001833,E00611,R008,B5,2,2026-04-27 21:32:14.357602
RT001834,E00612,R006,B5,2,2026-04-28 00:09:21.102364
RT001835,E00612,R007,B5,1,2026-04-28 00:24:21.102364
RT001836,E00612,R003,B5,1,2026-04-28 01:11:21.102364
RT001837,E00613,R009,B5,1,2026-04-28 01:27:12.584685
RT001838,E00613,R004,B5,1,2026-04-28 02:08:12.584685
RT001839,E00613,R002,B5,1,2026-04-28 03:51:12.584685
RT001840,E00614,R012,B5,4,2026-04-28 05:34:49.733572
RT001841,E00614,R003,B5,4,2026-04-28 05:35:49.733572
RT001842,E00614,R009,B5,4,2026-04-28 07:08:49.733572
RT001843,E00615,R001,B5,3,2026-04-28 06:28:13.160995
RT001844,E00615,R009,B5,3,2026-04-28 07:28:13.160995
RT001845,E00615,R010,B5,5,2026-04-28 06:58:13.160995
RT001846,E00616,R008,B5,2,2026-04-28 09:33:26.954740
RT001847,E00616,R005,B5,1,2026-04-28 09:51:26.954740
RT001848,E00616,R009,B5,1,2026-04-28 12:01:26.954740
RT001849,E00617,R011,B5,2,2026-04-28 10:35:09.839122
RT001850,E00617,R006,B5,2,2026-04-28 11:50:09.839122
RT001851,E00617,R003,B5,2,2026-04-28 11:45:09.839122
RT001852,E00618,R010,B5,2,2026-04-28 12:36:20.901414
RT001853,E00618,R002,B5,3,2026-04-28 12:41:20.901414
RT001854,E00618,R011,B5,3,2026-04-28 13:08:20.901414
RT001855,E00619,R010,B5,1,2026-04-28 14:54:51.133700
RT001856,E00619,R001,B5,2,2026-04-28 15:15:51.133700
RT001857,E00619,R004,B5,1,2026-04-28 16:44:51.133700
RT001858,E00620,R010,B5,3,2026-04-28 17:27:41.747180
RT001859,E00620,R009,B5,2,2026-04-28 18:19:41.747180
RT001860,E00620,R012,B5,3,2026-04-28 19:15:41.747180
RT001861,E00621,R012,B5,5,2026-04-28 19:25:29.968358
RT001862,E00621,R011,B5,5,2026-04-28 19:48:29.968358
RT001863,E00621,R002,B5,5,2026-04-28 22:07:29.968358
RT001864,E00622,R005,B5,2,2026-04-28 23:05:51.678474
RT001865,E00622,R004,B5,2,2026-04-29 00:10:51.678474
RT001866,E00622,R011,B5,2,2026-04-29 01:45:51.678474
RT001867,E00623,R008,B5,2,2026-04-29 01:09:06.086309
RT001868,E00623,R011,B5,1,2026-04-29 01:10:06.086309
RT001869,E00623,R010,B5,1,2026-04-29 01:19:06.086309
RT001870,E00624,R011,B5,1,2026-04-29 02:53:46.440996
RT001871,E00624,R006,B5,2,2026-04-29 03:28:46.440996
RT001872,E00624,R007,B5,2,2026-04-29 03:17:46.440996
RT001873,E00625,R004,B5,4,2026-04-29 04:58:58.636856
RT001874,E00625,R001,B5,5,2026-04-29 05:20:58.636856
RT001875,E00625,R009,B5,5,2026-04-29 05:22:58.636856
RT001876,E00626,R003,B5,1,2026-04-29 06:30:23.152630
RT001877,E00626,R007,B5,2,2026-04-29 07:06:23.152630
RT001878,E00626,R004,B5,3,2026-04-29 08:16:23.152630
RT001879,E00627,R011,B5,2,2026-04-29 09:29:48.139193
RT001880,E00627,R004,B5,3,2026-04-29 10:42:48.139193
RT001881,E00627,R001,B5,4,2026-04-29 10:23:48.139193
RT001882,E00628,R005,B5,5,2026-04-29 12:16:28.871914
RT001883,E00628,R007,B5,5,2026-04-29 12:39:28.871914
RT001884,E00628,R002,B5,5,2026-04-29 14:02:28.871914
RT001885,E00629,R003,B5,2,2026-04-29 13:05:22.044284
RT001886,E00629,R009,B5,1,2026-04-29 14:30:22.044284
RT001887,E00629,R001,B5,2,2026-04-29 14:01:22.044284
RT001888,E00630,R005,B5,3,2026-04-29 16:41:43.033484
RT001889,E00630,R010,B5,3,2026-04-29 17:44:43.033484
RT001890,E00630,R003,B5,3,2026-04-29 17:23:43.033484
RT001891,E00631,R003,B5,3,2026-04-29 17:31:40.394012
RT001892,E00631,R009,B5,2,2026-04-29 18:13:40.394012
RT001893,E00631,R007,B5,4,2026-04-29 18:43:40.394012
RT001894,E00632,R001,B5,4,2026-04-29 20:41:50.866640
RT001895,E00632,R009,B5,3,2026-04-29 21:56:50.866640
RT001896,E00632,R004,B5,3,2026-04-29 21:31:50.866640
RT001897,E00633,R007,B5,2,2026-04-29 21:26:08.226348
RT001898,E00633,R009,B5,2,2026-04-29 21:49:08.226348
RT001899,E00633,R006,B5,2,2026-04-29 23:42:08.226348
RT001900,E00634,R001,B5,1,2026-04-29 23:54:56.839838
RT001901,E00634,R010,B5,1,2026-04-30 00:55:56.839838
RT001902,E00634,R011,B5,1,2026-04-30 01:18:56.839838
RT001903,E00635,R007,B5,5,2026-04-30 02:17:15.136618
RT001904,E00635,R011,B5,4,2026-04-30 02:30:15.136618
RT001905,E00635,R008,B5,5,2026-04-30 02:47:15.136618
RT001906,E00636,R010,B5,2,2026-04-30 04:46:49.303405
RT001907,E00636,R008,B5,3,2026-04-30 04:53:49.303405
RT001908,E00636,R011,B5,2,2026-04-30 04:50:49.303405
RT001909,E00637,R003,B5,4,2026-04-30 07:28:38.570746
RT001910,E00637,R010,B5,3,2026-04-30 08:49:38.570746
RT001911,E00637,R007,B5,4,2026-04-30 10:22:38.570746
RT001912,E00638,R011,B5,5,2026-04-30 09:07:51.101522
RT001913,E00638,R010,B5,5,2026-04-30 09:16:51.101522
RT001914,E00638,R002,B5,4,2026-04-30 12:01:51.101522
RT001915,E00639,R001,B5,4,2026-04-30 10:37:03.937392
RT001916,E00639,R002,B5,4,2026-04-30 11:36:03.937392
RT001917,E00639,R003,B5,4,2026-04-30 10:41:03.937392
RT001918,E00640,R010,B5,1,2026-04-30 14:29:20.698798
RT001919,E00640,R012,B5,2,2026-04-30 15:15:20.698798
RT001920,E00640,R001,B5,2,2026-04-30 15:23:20.698798
RT001921,E00641,R006,B5,1,2026-04-30 16:31:18.699976
RT001922,E00641,R005,B5,1,2026-04-30 17:17:18.699976
RT001923,E00641,R010,B5,2,2026-04-30 19:15:18.699976
RT001924,E00642,R002,B5,2,2026-04-30 18:19:16.829536
RT001925,E00642,R006,B5,2,2026-04-30 19:22:16.829536
RT001926,E00642,R004,B5,4,2026-04-30 19:23:16.829536
RT001927,E00643,R011,B5,1,2026-04-30 21:23:04.343486
RT001928,E00643,R006,B5,1,2026-04-30 22:09:04.343486
RT001929,E00643,R001,B5,2,2026-04-30 23:43:04.343486
RT001930,E00644,R008,B5,4,2026-04-30 23:16:10.845668
RT001931,E00644,R006,B5,2,2026-04-30 23:44:10.845668
RT001932,E00644,R003,B5,3,2026-04-30 23:50:10.845668
RT001933,E00645,R007,B5,4,2026-05-01 00:13:56.915755
RT001934,E00645,R004,B5,4,2026-05-01 01:03:56.915755
RT001935,E00645,R009,B5,4,2026-05-01 00:35:56.915755
RT001936,E00646,R008,B5,3,2026-05-01 02:43:16.445931
RT001937,E00646,R012,B5,3,2026-05-01 03:32:16.445931
RT001938,E00646,R001,B5,3,2026-05-01 03:29:16.445931
RT001939,E00647,R012,B5,2,2026-05-01 04:27:46.900273
RT001940,E00647,R008,B5,2,2026-05-01 04:37:46.900273
RT001941,E00647,R005,B5,1,2026-05-01 05:35:46.900273
RT001942,E00648,R012,B5,3,2026-05-01 07:49:59.829829
RT001943,E00648,R004,B5,3,2026-05-01 08:17:59.829829
RT001944,E00648,R011,B5,2,2026-05-01 10:15:59.829829
RT001945,E00649,R001,B5,3,2026-05-01 09:28:02.379378
RT001946,E00649,R009,B5,1,2026-05-01 10:41:02.379378
RT001947,E00649,R005,B5,1,2026-05-01 12:00:02.379378
RT001948,E00650,R012,B5,2,2026-05-01 12:43:01.040261
RT001949,E00650,R008,B5,3,2026-05-01 12:46:01.040261
RT001950,E00650,R010,B5,2,2026-05-01 12:59:01.040261
RT001951,E00651,R007,B5,4,2026-05-01 13:59:31.137750
RT001952,E00651,R001,B5,4,2026-05-01 14:01:31.137750
RT001953,E00651,R002,B5,3,2026-05-01 16:47:31.137750
RT001954,E00652,R001,B5,4,2026-05-01 16:06:10.922834
RT001955,E00652,R006,B5,2,2026-05-01 17:08:10.922834
RT001956,E00652,R012,B5,4,2026-05-01 17:38:10.922834
RT001957,E00653,R009,B5,5,2026-05-01 17:51:37.100846
RT001958,E00653,R001,B5,5,2026-05-01 19:20:37.100846
RT001959,E00653,R011,B5,5,2026-05-01 19:35:37.100846
RT001960,E00654,R006,B5,1,2026-05-01 20:12:22.437744
RT001961,E00654,R007,B5,1,2026-05-01 20:48:22.437744
RT001962,E00654,R010,B5,1,2026-05-01 22:54:22.437744
RT001963,E00655,R006,B5,5,2026-05-01 22:39:14.554670
RT001964,E00655,R001,B5,5,2026-05-01 22:50:14.554670
RT001965,E00655,R007,B5,5,2026-05-02 01:35:14.554670
RT001966,E00656,R004,B5,1,2026-05-02 00:35:06.333605
RT001967,E00656,R006,B5,1,2026-05-02 01:10:06.333605
RT001968,E00656,R009,B5,1,2026-05-02 02:15:06.333605
RT001969,E00657,R012,B5,3,2026-05-02 03:05:37.999071
RT001970,E00657,R006,B5,4,2026-05-02 04:28:37.999071
RT001971,E00657,R008,B5,2,2026-05-02 04:19:37.999071
RT001972,E00658,R001,B5,5,2026-05-02 04:37:06.202180
RT001973,E00658,R010,B5,5,2026-05-02 04:38:06.202180
RT001974,E00658,R011,B5,5,2026-05-02 06:57:06.202180
RT001975,E00659,R001,B5,4,2026-05-02 06:41:53.154147
RT001976,E00659,R009,B5,2,2026-05-02 07:04:53.154147
RT001977,E00659,R004,B5,2,2026-05-02 07:51:53.154147
RT001978,E00660,R008,B5,4,2026-05-02 09:24:36.886054
RT001979,E00660,R007,B5,3,2026-05-02 09:24:36.886054
RT001980,E00660,R010,B5,3,2026-05-02 10:16:36.886054
RT001981,E00661,R003,B5,5,2026-05-02 11:43:44.220430
RT001982,E00661,R010,B5,5,2026-05-02 12:35:44.220430
RT001983,E00661,R005,B5,4,2026-05-02 13:49:44.220430
RT001984,E00662,R005,B5,3,2026-05-02 13:59:02.043277
RT001985,E00662,R002,B5,2,2026-05-02 14:18:02.043277
RT001986,E00662,R003,B5,2,2026-05-02 16:31:02.043277
RT001987,E00663,R006,B5,5,2026-05-02 17:08:41.891303
RT001988,E00663,R003,B5,5,2026-05-02 18:11:41.891303
RT001989,E00663,R009,B5,5,2026-05-02 18:56:41.891303
RT001990,E00664,R005,B5,2,2026-05-02 19:29:58.165028
RT001991,E00664,R001,B5,3,2026-05-02 19:46:58.165028
RT001992,E00664,R002,B5,3,2026-05-02 19:47:58.165028
RT001993,E00665,R003,B5,4,2026-05-02 21:31:56.579580
RT001994,E00665,R005,B5,4,2026-05-02 22:39:56.579580
RT001995,E00665,R010,B5,4,2026-05-02 21:49:56.579580
RT001996,E00666,R006,B5,3,2026-05-02 22:29:23.068641
RT001997,E00666,R002,B5,4,2026-05-02 23:19:23.068641
RT001998,E00666,R004,B5,3,2026-05-03 01:15:23.068641
RT001999,E00667,R009,B5,4,2026-05-03 01:20:33.766862
RT002000,E00667,R008,B5,4,2026-05-03 02:45:33.766862
RT002001,E00667,R003,B5,5,2026-05-03 03:38:33.766862
RT002002,E00668,R004,B5,3,2026-05-03 03:20:22.609088
RT002003,E00668,R006,B5,4,2026-05-03 04:38:22.609088
RT002004,E00668,R002,B5,2,2026-05-03 05:08:22.609088
RT002005,E00669,R005,B5,2,2026-05-03 05:26:29.272442
RT002006,E00669,R001,B5,2,2026-05-03 06:42:29.272442
RT002007,E00669,R007,B5,3,2026-05-03 05:26:29.272442
RT002008,E00670,R001,B5,1,2026-05-03 08:28:01.151823
RT002009,E00670,R008,B5,1,2026-05-03 09:30:01.151823
RT002010,E00670,R007,B5,1,2026-05-03 09:30:01.151823
RT002011,E00671,R004,B5,1,2026-05-03 10:12:41.613930
RT002012,E00671,R002,B5,1,2026-05-03 11:02:41.613930
RT002013,E00671,R010,B5,1,2026-05-03 11:44:41.613930
RT002014,E00672,R004,B5,3,2026-05-03 12:44:30.095409
RT002015,E00672,R008,B5,3,2026-05-03 13:32:30.095409
RT002016,E00672,R005,B5,4,2026-05-03 14:26:30.095409
RT002017,E00673,R012,B5,5,2026-05-03 14:19:44.492655
RT002018,E00673,R001,B5,5,2026-05-03 15:26:44.492655
RT002019,E00673,R002,B5,5,2026-05-03 15:51:44.492655
RT002020,E00674,R011,B5,4,2026-05-03 17:17:22.918732
RT002021,E00674,R012,B5,4,2026-05-03 17:48:22.918732
RT002022,E00674,R003,B5,5,2026-05-03 18:57:22.918732
RT002023,E00675,R010,B5,4,2026-05-03 18:51:01.186163
RT002024,E00675,R003,B5,3,2026-05-03 19:55:01.186163
RT002025,E00675,R008,B5,3,2026-05-03 19:13:01.186163
RT002026,E00676,R009,B5,2,2026-05-03 21:55:25.789846
RT002027,E00676,R007,B5,3,2026-05-03 22:52:25.789846
RT002028,E00676,R004,B5,4,2026-05-03 23:29:25.789846
RT002029,E00677,R012,B5,3,2026-05-03 23:24:30.989978
RT002030,E00677,R005,B5,3,2026-05-03 23:56:30.989978
RT002031,E00677,R001,B5,4,2026-05-04 01:54:30.989978
RT002032,E00678,R008,B5,5,2026-05-04 01:30:40.147662
RT002033,E00678,R012,B5,5,2026-05-04 01:45:40.147662
RT002034,E00678,R007,B5,5,2026-05-04 03:10:40.147662
RT002035,E00679,R011,B5,5,2026-05-04 03:41:07.359630
RT002036,E00679,R004,B5,3,2026-05-04 04:10:07.359630
RT002037,E00679,R006,B5,5,2026-05-04 04:25:07.359630
RT002038,E00680,R012,B5,5,2026-05-04 05:09:28.638890
RT002039,E00680,R006,B5,5,2026-05-04 05:18:28.638890
RT002040,E00680,R001,B5,5,2026-05-04 05:57:28.638890
RT002041,E00681,R012,B5,5,2026-05-04 08:06:44.543402
RT002042,E00681,R011,B5,5,2026-05-04 09:17:44.543402
RT002043,E00681,R003,B5,4,2026-05-04 08:20:44.543402
RT002044,E00682,R008,B5,2,2026-05-04 10:38:19.241271
RT002045,E00682,R007,B5,1,2026-05-04 11:32:19.241271
RT002046,E00682,R011,B5,1,2026-05-04 12:52:19.241271
RT002047,E00683,R001,B5,5,2026-05-04 12:11:36.042712
RT002048,E00683,R006,B5,4,2026-05-04 12:24:36.042712
RT002049,E00683,R002,B5,4,2026-05-04 12:39:36.042712
RT002050,E00684,R011,B5,3,2026-05-04 14:52:23.003455
RT002051,E00684,R005,B5,3,2026-05-04 15:32:23.003455
RT002052,E00684,R008,B5,3,2026-05-04 16:34:23.003455
RT002053,E00685,R002,B5,3,2026-05-04 16:18:02.063471
RT002054,E00685,R001,B5,4,2026-05-04 16:54:02.063471
RT002055,E00685,R011,B5,3,2026-05-04 17:22:02.063471
RT002056,E00686,R009,B5,2,2026-05-04 19:01:19.195785
RT002057,E00686,R012,B5,3,2026-05-04 19:48:19.195785
RT002058,E00686,R011,B5,3,2026-05-04 21:27:19.195785
RT002059,E00687,R008,B5,4,2026-05-04 22:02:04.673560
RT002060,E00687,R001,B5,4,2026-05-04 22:20:04.673560
RT002061,E00687,R006,B5,5,2026-05-04 22:16:04.673560
RT002062,E00688,R006,B5,1,2026-05-04 22:57:00.270430
RT002063,E00688,R003,B5,1,2026-05-05 00:23:00.270430
RT002064,E00688,R005,B5,1,2026-05-05 01:41:00.270430
RT002065,E00689,R002,B5,5,2026-05-05 01:19:36.221404
RT002066,E00689,R008,B5,5,2026-05-05 01:38:36.221404
RT002067,E00689,R001,B5,5,2026-05-05 01:43:36.221404
RT002068,E00690,R012,B5,5,2026-05-05 04:25:17.509562
RT002069,E00690,R009,B5,4,2026-05-05 05:00:17.509562
RT002070,E00690,R008,B5,5,2026-05-05 05:39:17.509562
RT002071,E00691,R007,B5,5,2026-05-05 05:14:23.680545
RT002072,E00691,R008,B5,5,2026-05-05 06:00:23.680545
RT002073,E00691,R001,B5,5,2026-05-05 07:42:23.680545
RT002074,E00692,R001,B5,5,2026-05-05 07:28:26.295708
RT002075,E00692,R003,B5,5,2026-05-05 08:53:26.295708
RT002076,E00692,R004,B5,5,2026-05-05 08:56:26.295708
RT002077,E00693,R012,B5,1,2026-05-05 09:47:25.770441
RT002078,E00693,R007,B5,1,2026-05-05 10:26:25.770441
RT002079,E00693,R008,B5,2,2026-05-05 11:17:25.770441
RT002080,E00694,R005,B5,4,2026-05-05 12:51:58.288556
RT002081,E00694,R003,B5,3,2026-05-05 13:03:58.288556
RT002082,E00694,R008,B5,4,2026-05-05 14:37:58.288556
RT002083,E00695,R008,B5,5,2026-05-05 15:22:09.949581
RT002084,E00695,R009,B5,4,2026-05-05 16:02:09.949581
RT002085,E00695,R005,B5,4,2026-05-05 17:20:09.949581
RT002086,E00696,R003,B5,5,2026-05-05 16:02:55.373811
RT002087,E00696,R009,B5,3,2026-05-05 17:21:55.373811
RT002088,E00696,R007,B5,4,2026-05-05 18:42:55.373811
RT002089,E00697,R007,B5,3,2026-05-05 18:36:01.485382
RT002090,E00697,R008,B5,3,2026-05-05 19:21:01.485382
RT002091,E00697,R006,B5,2,2026-05-05 20:36:01.485382
RT002092,E00698,R006,B5,3,2026-05-05 21:11:30.372834
RT002093,E00698,R005,B5,2,2026-05-05 21:58:30.372834
RT002094,E00698,R001,B5,2,2026-05-05 21:23:30.372834
RT002095,E00699,R010,B5,1,2026-05-05 23:09:27.937616
RT002096,E00699,R011,B5,1,2026-05-05 23:59:27.937616
RT002097,E00699,R005,B5,2,2026-05-05 23:27:27.937616
RT002098,E00700,R005,B5,5,2026-05-06 00:51:20.045491
RT002099,E00700,R002,B5,4,2026-05-06 01:33:20.045491
RT002100,E00700,R011,B5,4,2026-05-06 03:25:20.045491
RT002101,E00701,R012,B5,5,2026-05-06 04:28:17.912185
RT002102,E00701,R001,B5,5,2026-05-06 04:50:17.912185
RT002103,E00701,R002,B5,5,2026-05-06 05:44:17.912185
RT002104,E00702,R001,B5,1,2026-05-06 05:45:34.465044
RT002105,E00702,R008,B5,1,2026-05-06 06:47:34.465044
RT002106,E00702,R004,B5,1,2026-05-06 08:07:34.465044
RT002107,E00703,R005,B5,1,2026-05-06 07:24:12.417439
RT002108,E00703,R006,B5,1,2026-05-06 07:31:12.417439
RT002109,E00703,R001,B5,3,2026-05-06 07:24:12.417439
RT002110,E00704,R012,B5,3,2026-05-06 11:12:33.824359
RT002111,E00704,R001,B5,3,2026-05-06 12:15:33.824359
RT002112,E00704,R006,B5,3,2026-05-06 12:04:33.824359
RT002113,E00705,R001,B5,5,2026-05-06 11:50:54.722317
RT002114,E00705,R002,B5,5,2026-05-06 12:31:54.722317
RT002115,E00705,R004,B5,5,2026-05-06 12:58:54.722317
RT002116,E00706,R009,B5,2,2026-05-06 15:47:18.474599
RT002117,E00706,R008,B5,2,2026-05-06 16:21:18.474599
RT002118,E00706,R001,B5,2,2026-05-06 16:43:18.474599
RT002119,E00707,R005,B5,1,2026-05-06 16:21:10.731134
RT002120,E00707,R007,B5,2,2026-05-06 17:44:10.731134
RT002121,E00707,R012,B5,1,2026-05-06 17:13:10.731134
RT002122,E00708,R012,B5,1,2026-05-06 18:34:12.428254
RT002123,E00708,R010,B5,1,2026-05-06 19:15:12.428254
RT002124,E00708,R003,B5,3,2026-05-06 20:52:12.428254
RT002125,E00709,R008,B5,5,2026-05-06 20:57:43.465520
RT002126,E00709,R003,B5,4,2026-05-06 21:01:43.465520
RT002127,E00709,R010,B5,5,2026-05-06 22:51:43.465520
RT002128,E00710,R004,B5,4,2026-05-06 23:02:30.009307
RT002129,E00710,R003,B5,4,2026-05-07 00:14:30.009307
RT002130,E00710,R009,B5,4,2026-05-06 23:04:30.009307
RT002131,E00711,R004,B5,5,2026-05-07 02:22:36.654712
RT002132,E00711,R005,B5,4,2026-05-07 02:40:36.654712
RT002133,E00711,R002,B5,5,2026-05-07 02:32:36.654712
RT002134,E00712,R008,B5,5,2026-05-07 03:18:39.462337
RT002135,E00712,R006,B5,5,2026-05-07 04:11:39.462337
RT002136,E00712,R004,B5,5,2026-05-07 04:28:39.462337
RT002137,E00713,R010,B5,2,2026-05-07 06:10:18.199028
RT002138,E00713,R009,B5,2,2026-05-07 06:27:18.199028
RT002139,E00713,R011,B5,3,2026-05-07 06:50:18.199028
RT002140,E00714,R005,B5,2,2026-05-07 08:32:31.537335
RT002141,E00714,R010,B5,3,2026-05-07 09:53:31.537335
RT002142,E00714,R001,B5,2,2026-05-07 09:04:31.537335
RT002143,E00715,R007,B5,5,2026-05-07 10:33:24.999766
RT002144,E00715,R006,B5,5,2026-05-07 11:40:24.999766
RT002145,E00715,R012,B5,5,2026-05-07 11:01:24.999766
RT002146,E00716,R003,B5,5,2026-05-07 13:00:02.350427
RT002147,E00716,R010,B5,3,2026-05-07 14:03:02.350427
RT002148,E00716,R008,B5,5,2026-05-07 13:10:02.350427
RT002149,E00717,R009,B5,1,2026-05-07 14:17:16.639785
RT002150,E00717,R012,B5,1,2026-05-07 14:30:16.639785
RT002151,E00717,R004,B5,1,2026-05-07 16:45:16.639785
RT002152,E00718,R012,B5,5,2026-05-07 17:41:34.435590
RT002153,E00718,R004,B5,5,2026-05-07 18:31:34.435590
RT002154,E00718,R003,B5,5,2026-05-07 19:59:34.435590
RT002155,E00719,R010,B5,3,2026-05-07 20:23:43.167915
RT002156,E00719,R002,B5,3,2026-05-07 21:00:43.167915
RT002157,E00719,R007,B5,4,2026-05-07 22:27:43.167915
RT002158,E00720,R004,B5,5,2026-05-07 21:59:53.960426
RT002159,E00720,R003,B5,5,2026-05-07 23:14:53.960426
RT002160,E00720,R008,B5,5,2026-05-08 00:33:53.960426
RT002161,E00721,R003,B5,5,2026-05-07 23:36:39.180805
RT002162,E00721,R011,B5,5,2026-05-08 00:20:39.180805
RT002163,E00721,R010,B5,5,2026-05-08 00:12:39.180805
RT002164,E00722,R001,B5,1,2026-05-08 02:31:44.488849
RT002165,E00722,R002,B5,1,2026-05-08 03:42:44.488849
RT002166,E00722,R008,B5,2,2026-05-08 04:33:44.488849
RT002167,E00723,R010,B5,3,2026-05-08 03:56:43.969789
RT002168,E00723,R002,B5,2,2026-05-08 04:48:43.969789
RT002169,E00723,R003,B5,3,2026-05-08 06:16:43.969789
RT002170,E00724,R002,B5,3,2026-05-08 06:51:48.549861
RT002171,E00724,R001,B5,4,2026-05-08 08:05:48.549861
RT002172,E00724,R009,B5,3,2026-05-08 08:17:48.549861
RT002173,E00725,R009,B5,3,2026-05-08 08:28:15.867675
RT002174,E00725,R003,B5,3,2026-05-08 09:23:15.867675
RT002175,E00725,R002,B5,3,2026-05-08 08:30:15.867675
RT002176,E00726,R011,B5,4,2026-05-08 11:26:43.958169
RT002177,E00726,R010,B5,2,2026-05-08 12:49:43.958169
RT002178,E00726,R007,B5,3,2026-05-08 11:44:43.958169
RT002179,E00727,R002,B5,4,2026-05-08 12:13:25.937871
RT002180,E00727,R010,B5,3,2026-05-08 13:08:25.937871
RT002181,E00727,R001,B5,3,2026-05-08 14:41:25.937871
RT002182,E00728,R004,B5,4,2026-05-08 15:08:20.463082
RT002183,E00728,R005,B5,4,2026-05-08 16:13:20.463082
RT002184,E00728,R006,B5,3,2026-05-08 15:36:20.463082
RT002185,E00729,R001,B5,5,2026-05-08 16:40:23.918845
RT002186,E00729,R008,B5,5,2026-05-08 17:05:23.918845
RT002187,E00729,R003,B5,4,2026-05-08 17:12:23.918845
RT002188,E00730,R006,B5,5,2026-05-08 20:40:13.796794
RT002189,E00730,R012,B5,5,2026-05-08 21:27:13.796794
RT002190,E00730,R001,B5,5,2026-05-08 22:50:13.796794
RT002191,E00731,R009,B5,1,2026-05-08 21:15:30.293745
RT002192,E00731,R004,B5,1,2026-05-08 22:03:30.293745
RT002193,E00731,R001,B5,1,2026-05-08 22:57:30.293745
RT002194,E00732,R010,B5,3,2026-05-09 00:59:35.462133
RT002195,E00732,R002,B5,4,2026-05-09 01:17:35.462133
RT002196,E00732,R008,B5,3,2026-05-09 02:27:35.462133
RT002197,E00733,R008,B5,3,2026-05-09 02:48:39.183191
RT002198,E00733,R004,B5,2,2026-05-09 04:00:39.183191
RT002199,E00733,R007,B5,3,2026-05-09 05:18:39.183191
RT002200,E00734,R005,B5,4,2026-05-09 05:22:02.307931
RT002201,E00734,R009,B5,5,2026-05-09 06:19:02.307931
RT002202,E00734,R010,B5,5,2026-05-09 08:08:02.307931
RT002203,E00735,R004,B5,2,2026-05-09 07:36:52.177478
RT002204,E00735,R003,B5,2,2026-05-09 07:58:52.177478
RT002205,E00735,R002,B5,2,2026-05-09 09:16:52.177478
RT002206,E00736,R007,B5,4,2026-05-09 08:15:52.516024
RT002207,E00736,R005,B5,4,2026-05-09 09:35:52.516024
RT002208,E00736,R008,B5,4,2026-05-09 10:43:52.516024
RT002209,E00737,R008,B5,2,2026-05-09 11:28:04.674679
RT002210,E00737,R010,B5,2,2026-05-09 12:54:04.674679
RT002211,E00737,R007,B5,2,2026-05-09 11:52:04.674679
RT002212,E00738,R008,B5,5,2026-05-09 13:42:12.488220
RT002213,E00738,R009,B5,5,2026-05-09 14:07:12.488220
RT002214,E00738,R006,B5,3,2026-05-09 14:46:12.488220
RT002215,E00739,R004,B5,4,2026-05-09 15:28:19.578872
RT002216,E00739,R009,B5,3,2026-05-09 15:29:19.578872
RT002217,E00739,R006,B5,3,2026-05-09 15:40:19.578872
RT002218,E00740,R002,B5,3,2026-05-09 16:49:19.320096
RT002219,E00740,R005,B5,2,2026-05-09 17:58:19.320096
RT002220,E00740,R001,B5,2,2026-05-09 17:07:19.320096
RT002221,E00741,R007,B5,2,2026-05-09 20:21:45.655653
RT002222,E00741,R012,B5,2,2026-05-09 21:22:45.655653
RT002223,E00741,R004,B5,1,2026-05-09 21:17:45.655653
RT002224,E00742,R011,B5,3,2026-05-09 22:02:02.723515
RT002225,E00742,R010,B5,4,2026-05-09 22:15:02.723515
RT002226,E00742,R003,B5,5,2026-05-09 23:02:02.723515
RT002227,E00743,R006,B5,5,2026-05-10 00:53:20.279088
RT002228,E00743,R003,B5,5,2026-05-10 00:53:20.279088
RT002229,E00743,R001,B5,5,2026-05-10 01:11:20.279088
RT002230,E00744,R010,B5,1,2026-05-10 02:36:26.796766
RT002231,E00744,R005,B5,1,2026-05-10 03:42:26.796766
RT002232,E00744,R011,B5,1,2026-05-10 04:38:26.796766
RT002233,E00745,R005,B5,1,2026-05-10 05:01:09.201887
RT002234,E00745,R008,B5,2,2026-05-10 06:03:09.201887
RT002235,E00745,R003,B5,2,2026-05-10 06:45:09.201887
RT002236,E00746,R006,B5,1,2026-05-10 06:36:34.663758
RT002237,E00746,R003,B5,2,2026-05-10 07:14:34.663758
RT002238,E00746,R002,B5,2,2026-05-10 08:38:34.663758
RT002239,E00747,R011,B5,5,2026-05-10 09:10:38.672361
RT002240,E00747,R008,B5,5,2026-05-10 10:39:38.672361
RT002241,E00747,R012,B5,5,2026-05-10 09:56:38.672361
RT002242,E00748,R011,B5,4,2026-05-10 11:48:29.007137
RT002243,E00748,R012,B5,5,2026-05-10 11:52:29.007137
RT002244,E00748,R005,B5,4,2026-05-10 13:52:29.007137
RT002245,E00749,R007,B5,2,2026-05-10 14:02:55.517988
RT002246,E00749,R008,B5,3,2026-05-10 14:43:55.517988
RT002247,E00749,R010,B5,2,2026-05-10 15:36:55.517988
RT002248,E00750,R008,B5,1,2026-05-10 16:26:30.057913
RT002249,E00750,R004,B5,1,2026-05-10 16:58:30.057913
RT002250,E00750,R011,B5,1,2026-05-10 16:26:30.057913
RT002251,E00751,R003,B6,3,2026-05-11 00:49:41.294958
RT002252,E00751,R001,B6,2,2026-05-11 02:04:41.294958
RT002253,E00751,R010,B6,2,2026-05-11 01:43:41.294958
RT002254,E00752,R003,B6,2,2026-05-11 02:35:34.924656
RT002255,E00752,R004,B6,2,2026-05-11 03:02:34.924656
RT002256,E00752,R007,B6,4,2026-05-11 02:59:34.924656
RT002257,E00753,R005,B6,1,2026-05-11 05:05:18.114370
RT002258,E00753,R001,B6,1,2026-05-11 05:34:18.114370
RT002259,E00753,R010,B6,1,2026-05-11 07:45:18.114370
RT002260,E00754,R002,B6,3,2026-05-11 07:17:31.141738
RT002261,E00754,R003,B6,5,2026-05-11 07:41:31.141738
RT002262,E00754,R006,B6,3,2026-05-11 09:01:31.141738
RT002263,E00755,R012,B6,5,2026-05-11 09:00:36.054230
RT002264,E00755,R005,B6,5,2026-05-11 09:05:36.054230
RT002265,E00755,R007,B6,4,2026-05-11 09:04:36.054230
RT002266,E00756,R011,B6,5,2026-05-11 10:41:33.993881
RT002267,E00756,R006,B6,5,2026-05-11 11:49:33.993881
RT002268,E00756,R003,B6,5,2026-05-11 12:15:33.993881
RT002269,E00757,R007,B6,2,2026-05-11 12:35:10.635593
RT002270,E00757,R003,B6,2,2026-05-11 13:37:10.635593
RT002271,E00757,R004,B6,2,2026-05-11 14:15:10.635593
RT002272,E00758,R007,B6,3,2026-05-11 15:01:12.864146
RT002273,E00758,R012,B6,3,2026-05-11 16:29:12.864146
RT002274,E00758,R011,B6,3,2026-05-11 17:51:12.864146
RT002275,E00759,R005,B6,1,2026-05-11 18:15:25.002651
RT002276,E00759,R001,B6,2,2026-05-11 18:35:25.002651
RT002277,E00759,R006,B6,3,2026-05-11 19:39:25.002651
RT002278,E00760,R004,B6,2,2026-05-11 20:26:47.758516
RT002279,E00760,R008,B6,3,2026-05-11 21:34:47.758516
RT002280,E00760,R002,B6,2,2026-05-11 21:04:47.758516
RT002281,E00761,R001,B6,1,2026-05-11 21:02:20.779797
RT002282,E00761,R006,B6,1,2026-05-11 22:08:20.779797
RT002283,E00761,R012,B6,1,2026-05-11 22:42:20.779797
RT002284,E00762,R001,B6,2,2026-05-11 23:14:36.935084
RT002285,E00762,R006,B6,2,2026-05-12 00:31:36.935084
RT002286,E00762,R012,B6,2,2026-05-12 01:02:36.935084
RT002287,E00763,R006,B6,3,2026-05-12 02:32:08.254648
RT002288,E00763,R008,B6,3,2026-05-12 03:26:08.254648
RT002289,E00763,R011,B6,2,2026-05-12 05:14:08.254648
RT002290,E00764,R010,B6,4,2026-05-12 04:01:11.463672
RT002291,E00764,R008,B6,5,2026-05-12 05:09:11.463672
RT002292,E00764,R002,B6,5,2026-05-12 04:05:11.463672
RT002293,E00765,R004,B6,4,2026-05-12 05:58:01.661926
RT002294,E00765,R011,B6,4,2026-05-12 06:02:01.661926
RT002295,E00765,R008,B6,5,2026-05-12 07:14:01.661926
RT002296,E00766,R012,B6,5,2026-05-12 08:51:06.183752
RT002297,E00766,R006,B6,5,2026-05-12 09:07:06.183752
RT002298,E00766,R005,B6,5,2026-05-12 10:19:06.183752
RT002299,E00767,R003,B6,5,2026-05-12 10:48:28.822432
RT002300,E00767,R011,B6,5,2026-05-12 11:50:28.822432
RT002301,E00767,R007,B6,5,2026-05-12 10:54:28.822432
RT002302,E00768,R012,B6,4,2026-05-12 14:11:26.080512
RT002303,E00768,R001,B6,4,2026-05-12 15:27:26.080512
RT002304,E00768,R003,B6,4,2026-05-12 15:45:26.080512
RT002305,E00769,R008,B6,2,2026-05-12 14:37:56.605168
RT002306,E00769,R007,B6,1,2026-05-12 16:02:56.605168
RT002307,E00769,R012,B6,1,2026-05-12 15:11:56.605168
RT002308,E00770,R005,B6,3,2026-05-12 18:28:11.671494
RT002309,E00770,R008,B6,4,2026-05-12 19:35:11.671494
RT002310,E00770,R003,B6,4,2026-05-12 19:02:11.671494
RT002311,E00771,R003,B6,3,2026-05-12 19:31:22.341059
RT002312,E00771,R001,B6,3,2026-05-12 19:52:22.341059
RT002313,E00771,R005,B6,3,2026-05-12 21:25:22.341059
RT002314,E00772,R003,B6,4,2026-05-12 22:56:15.426225
RT002315,E00772,R008,B6,3,2026-05-12 23:12:15.426225
RT002316,E00772,R011,B6,3,2026-05-13 00:00:15.426225
RT002317,E00773,R008,B6,1,2026-05-13 00:34:02.507413
RT002318,E00773,R007,B6,2,2026-05-13 01:11:02.507413
RT002319,E00773,R011,B6,1,2026-05-13 02:54:02.507413
RT002320,E00774,R006,B6,5,2026-05-13 02:54:24.965163
RT002321,E00774,R011,B6,3,2026-05-13 03:59:24.965163
RT002322,E00774,R005,B6,3,2026-05-13 04:20:24.965163
RT002323,E00775,R012,B6,5,2026-05-13 04:49:06.758941
RT002324,E00775,R008,B6,5,2026-05-13 05:11:06.758941
RT002325,E00775,R011,B6,5,2026-05-13 05:17:06.758941
RT002326,E00776,R001,B6,5,2026-05-13 07:51:02.382183
RT002327,E00776,R003,B6,5,2026-05-13 09:04:02.382183
RT002328,E00776,R009,B6,4,2026-05-13 10:21:02.382183
RT002329,E00777,R002,B6,3,2026-05-13 08:37:43.413958
RT002330,E00777,R012,B6,3,2026-05-13 08:55:43.413958
RT002331,E00777,R007,B6,3,2026-05-13 09:47:43.413958
RT002332,E00778,R002,B6,4,2026-05-13 12:01:08.177290
RT002333,E00778,R006,B6,4,2026-05-13 13:06:08.177290
RT002334,E00778,R010,B6,4,2026-05-13 14:29:08.177290
RT002335,E00779,R005,B6,2,2026-05-13 13:24:04.830407
RT002336,E00779,R012,B6,3,2026-05-13 13:28:04.830407
RT002337,E00779,R007,B6,2,2026-05-13 14:10:04.830407
RT002338,E00780,R009,B6,2,2026-05-13 15:39:44.192566
RT002339,E00780,R012,B6,2,2026-05-13 17:05:44.192566
RT002340,E00780,R005,B6,1,2026-05-13 17:21:44.192566
RT002341,E00781,R012,B6,1,2026-05-13 17:54:36.018781
RT002342,E00781,R005,B6,1,2026-05-13 18:13:36.018781
RT002343,E00781,R007,B6,2,2026-05-13 20:04:36.018781
RT002344,E00782,R007,B6,5,2026-05-13 21:05:53.451537
RT002345,E00782,R006,B6,5,2026-05-13 21:15:53.451537
RT002346,E00782,R002,B6,5,2026-05-13 21:29:53.451537
RT002347,E00783,R004,B6,5,2026-05-13 22:57:18.962915
RT002348,E00783,R003,B6,5,2026-05-14 00:25:18.962915
RT002349,E00783,R012,B6,5,2026-05-14 00:25:18.962915
RT002350,E00784,R008,B6,1,2026-05-13 23:55:47.115129
RT002351,E00784,R001,B6,1,2026-05-14 00:34:47.115129
RT002352,E00784,R004,B6,2,2026-05-14 00:07:47.115129
RT002353,E00785,R011,B6,5,2026-05-14 03:28:00.295640
RT002354,E00785,R007,B6,5,2026-05-14 04:49:00.295640
RT002355,E00785,R009,B6,4,2026-05-14 04:56:00.295640
RT002356,E00786,R003,B6,5,2026-05-14 05:37:59.306845
RT002357,E00786,R001,B6,5,2026-05-14 05:49:59.306845
RT002358,E00786,R007,B6,5,2026-05-14 07:53:59.306845
RT002359,E00787,R007,B6,4,2026-05-14 07:45:21.037254
RT002360,E00787,R002,B6,4,2026-05-14 07:55:21.037254
RT002361,E00787,R005,B6,4,2026-05-14 08:17:21.037254
RT002362,E00788,R009,B6,2,2026-05-14 10:17:51.810395
RT002363,E00788,R011,B6,2,2026-05-14 11:01:51.810395
RT002364,E00788,R007,B6,2,2026-05-14 11:33:51.810395
RT002365,E00789,R006,B6,5,2026-05-14 11:39:40.001812
RT002366,E00789,R009,B6,4,2026-05-14 12:45:40.001812
RT002367,E00789,R011,B6,5,2026-05-14 14:15:40.001812
RT002368,E00790,R008,B6,4,2026-05-14 13:44:22.560477
RT002369,E00790,R003,B6,3,2026-05-14 14:54:22.560477
RT002370,E00790,R001,B6,3,2026-05-14 14:56:22.560477
RT002371,E00791,R008,B6,2,2026-05-14 16:06:02.230386
RT002372,E00791,R001,B6,3,2026-05-14 16:47:02.230386
RT002373,E00791,R002,B6,2,2026-05-14 17:34:02.230386
RT002374,E00792,R007,B6,5,2026-05-14 17:14:06.503314
RT002375,E00792,R002,B6,4,2026-05-14 18:33:06.503314
RT002376,E00792,R004,B6,4,2026-05-14 17:44:06.503314
RT002377,E00793,R012,B6,5,2026-05-14 21:11:35.190760
RT002378,E00793,R001,B6,5,2026-05-14 21:59:35.190760
RT002379,E00793,R008,B6,5,2026-05-14 21:57:35.190760
RT002380,E00794,R009,B6,1,2026-05-14 23:28:55.805703
RT002381,E00794,R005,B6,1,2026-05-15 00:56:55.805703
RT002382,E00794,R001,B6,2,2026-05-15 01:00:55.805703
RT002383,E00795,R005,B6,5,2026-05-15 00:19:49.457304
RT002384,E00795,R012,B6,5,2026-05-15 01:08:49.457304
RT002385,E00795,R008,B6,5,2026-05-15 02:49:49.457304
RT002386,E00796,R008,B6,1,2026-05-15 02:25:45.298194
RT002387,E00796,R010,B6,2,2026-05-15 03:11:45.298194
RT002388,E00796,R004,B6,2,2026-05-15 03:41:45.298194
RT002389,E00797,R001,B6,5,2026-05-15 05:22:16.190497
RT002390,E00797,R006,B6,5,2026-05-15 05:57:16.190497
RT002391,E00797,R003,B6,5,2026-05-15 07:34:16.190497
RT002392,E00798,R012,B6,2,2026-05-15 08:22:43.347755
RT002393,E00798,R007,B6,2,2026-05-15 09:37:43.347755
RT002394,E00798,R008,B6,2,2026-05-15 08:52:43.347755
RT002395,E00799,R006,B6,3,2026-05-15 09:43:05.883168
RT002396,E00799,R010,B6,1,2026-05-15 09:48:05.883168
RT002397,E00799,R012,B6,3,2026-05-15 10:01:05.883168
RT002398,E00800,R007,B6,1,2026-05-15 11:15:29.370735
RT002399,E00800,R001,B6,1,2026-05-15 11:18:29.370735
RT002400,E00800,R006,B6,1,2026-05-15 13:21:29.370735
RT002401,E00801,R009,B6,2,2026-05-15 13:42:36.336332
RT002402,E00801,R007,B6,4,2026-05-15 14:49:36.336332
RT002403,E00801,R001,B6,3,2026-05-15 14:32:36.336332
RT002404,E00802,R004,B6,4,2026-05-15 16:43:14.788227
RT002405,E00802,R012,B6,5,2026-05-15 16:50:14.788227
RT002406,E00802,R006,B6,5,2026-05-15 16:57:14.788227
RT002407,E00803,R002,B6,5,2026-05-15 18:40:14.165360
RT002408,E00803,R009,B6,5,2026-05-15 19:40:14.165360
RT002409,E00803,R012,B6,5,2026-05-15 20:46:14.165360
RT002410,E00804,R003,B6,3,2026-05-15 20:48:47.736478
RT002411,E00804,R005,B6,2,2026-05-15 20:57:47.736478
RT002412,E00804,R006,B6,4,2026-05-15 22:50:47.736478
RT002413,E00805,R006,B6,3,2026-05-15 22:12:57.982769
RT002414,E00805,R005,B6,2,2026-05-15 22:30:57.982769
RT002415,E00805,R012,B6,3,2026-05-16 00:16:57.982769
RT002416,E00806,R009,B6,3,2026-05-16 01:59:28.510524
RT002417,E00806,R002,B6,5,2026-05-16 02:09:28.510524
RT002418,E00806,R008,B6,4,2026-05-16 04:19:28.510524
RT002419,E00807,R010,B6,3,2026-05-16 03:53:59.439985
RT002420,E00807,R011,B6,3,2026-05-16 04:59:59.439985
RT002421,E00807,R004,B6,4,2026-05-16 06:29:59.439985
RT002422,E00808,R011,B6,1,2026-05-16 04:26:43.901675
RT002423,E00808,R005,B6,1,2026-05-16 04:59:43.901675
RT002424,E00808,R008,B6,1,2026-05-16 05:50:43.901675
RT002425,E00809,R012,B6,3,2026-05-16 08:27:29.914741
RT002426,E00809,R011,B6,2,2026-05-16 09:49:29.914741
RT002427,E00809,R008,B6,2,2026-05-16 11:13:29.914741
RT002428,E00810,R011,B6,5,2026-05-16 09:51:14.514601
RT002429,E00810,R007,B6,5,2026-05-16 10:46:14.514601
RT002430,E00810,R010,B6,4,2026-05-16 10:23:14.514601
RT002431,E00811,R012,B6,3,2026-05-16 12:34:39.315523
RT002432,E00811,R003,B6,3,2026-05-16 13:58:39.315523
RT002433,E00811,R010,B6,2,2026-05-16 13:40:39.315523
RT002434,E00812,R003,B6,2,2026-05-16 15:04:28.122890
RT002435,E00812,R012,B6,2,2026-05-16 15:27:28.122890
RT002436,E00812,R011,B6,2,2026-05-16 15:40:28.122890
RT002437,E00813,R004,B6,5,2026-05-16 17:20:26.823573
RT002438,E00813,R007,B6,5,2026-05-16 17:50:26.823573
RT002439,E00813,R012,B6,5,2026-05-16 17:58:26.823573
RT002440,E00814,R004,B6,2,2026-05-16 18:37:35.329793
RT002441,E00814,R010,B6,2,2026-05-16 18:59:35.329793
RT002442,E00814,R008,B6,3,2026-05-16 21:15:35.329793
RT002443,E00815,R006,B6,2,2026-05-16 20:14:23.154985
RT002444,E00815,R007,B6,2,2026-05-16 20:44:23.154985
RT002445,E00815,R005,B6,1,2026-05-16 20:40:23.154985
RT002446,E00816,R003,B6,2,2026-05-16 22:31:11.398814
RT002447,E00816,R004,B6,2,2026-05-16 23:18:11.398814
RT002448,E00816,R009,B6,1,2026-05-16 23:03:11.398814
RT002449,E00817,R004,B6,4,2026-05-17 02:01:05.153812
RT002450,E00817,R006,B6,4,2026-05-17 03:12:05.153812
RT002451,E00817,R002,B6,4,2026-05-17 04:13:05.153812
RT002452,E00818,R010,B6,5,2026-05-17 03:31:52.080157
RT002453,E00818,R006,B6,5,2026-05-17 03:52:52.080157
RT002454,E00818,R008,B6,5,2026-05-17 05:13:52.080157
RT002455,E00819,R003,B6,5,2026-05-17 06:28:09.210075
RT002456,E00819,R002,B6,5,2026-05-17 07:14:09.210075
RT002457,E00819,R011,B6,5,2026-05-17 06:30:09.210075
RT002458,E00820,R003,B6,1,2026-05-17 08:47:24.405639
RT002459,E00820,R002,B6,1,2026-05-17 09:26:24.405639
RT002460,E00820,R011,B6,1,2026-05-17 10:09:24.405639
RT002461,E00821,R011,B6,2,2026-05-17 09:34:14.696236
RT002462,E00821,R004,B6,2,2026-05-17 09:45:14.696236
RT002463,E00821,R005,B6,2,2026-05-17 10:40:14.696236
RT002464,E00822,R005,B6,4,2026-05-17 11:50:04.510794
RT002465,E00822,R001,B6,4,2026-05-17 12:33:04.510794
RT002466,E00822,R003,B6,4,2026-05-17 12:04:04.510794
RT002467,E00823,R003,B6,4,2026-05-17 14:05:25.336119
RT002468,E00823,R007,B6,4,2026-05-17 15:13:25.336119
RT002469,E00823,R002,B6,4,2026-05-17 16:57:25.336119
RT002470,E00824,R004,B6,4,2026-05-17 15:45:56.695415
RT002471,E00824,R005,B6,4,2026-05-17 17:14:56.695415
RT002472,E00824,R008,B6,4,2026-05-17 17:47:56.695415
RT002473,E00825,R004,B6,4,2026-05-17 18:58:50.962853
RT002474,E00825,R002,B6,4,2026-05-17 20:23:50.962853
RT002475,E00825,R011,B6,5,2026-05-17 21:00:50.962853
RT002476,E00826,R003,B6,5,2026-05-17 20:51:54.500519
RT002477,E00826,R001,B6,4,2026-05-17 22:12:54.500519
RT002478,E00826,R009,B6,4,2026-05-17 23:27:54.500519
RT002479,E00827,R010,B6,4,2026-05-17 22:58:16.133853
RT002480,E00827,R003,B6,5,2026-05-17 23:10:16.133853
RT002481,E00827,R005,B6,3,2026-05-18 00:26:16.133853
RT002482,E00828,R001,B6,3,2026-05-18 01:30:02.703691
RT002483,E00828,R005,B6,1,2026-05-18 01:43:02.703691
RT002484,E00828,R012,B6,1,2026-05-18 02:32:02.703691
RT002485,E00829,R009,B6,2,2026-05-18 02:57:48.933192
RT002486,E00829,R012,B6,4,2026-05-18 03:43:48.933192
RT002487,E00829,R010,B6,2,2026-05-18 05:39:48.933192
RT002488,E00830,R004,B6,3,2026-05-18 04:51:04.843341
RT002489,E00830,R002,B6,2,2026-05-18 05:11:04.843341
RT002490,E00830,R008,B6,3,2026-05-18 05:09:04.843341
RT002491,E00831,R005,B6,3,2026-05-18 07:24:02.540968
RT002492,E00831,R002,B6,4,2026-05-18 07:52:02.540968
RT002493,E00831,R004,B6,4,2026-05-18 08:10:02.540968
RT002494,E00832,R004,B6,2,2026-05-18 10:22:36.488119
RT002495,E00832,R003,B6,1,2026-05-18 11:21:36.488119
RT002496,E00832,R010,B6,3,2026-05-18 10:34:36.488119
RT002497,E00833,R012,B6,4,2026-05-18 12:15:02.856888
RT002498,E00833,R009,B6,4,2026-05-18 13:30:02.856888
RT002499,E00833,R011,B6,4,2026-05-18 12:17:02.856888
RT002500,E00834,R004,B6,1,2026-05-18 14:36:12.074370
RT002501,E00834,R006,B6,2,2026-05-18 15:03:12.074370
RT002502,E00834,R001,B6,1,2026-05-18 16:22:12.074370
RT002503,E00835,R011,B6,5,2026-05-18 15:59:45.250701
RT002504,E00835,R004,B6,5,2026-05-18 16:31:45.250701
RT002505,E00835,R001,B6,5,2026-05-18 16:19:45.250701
RT002506,E00836,R010,B6,5,2026-05-18 19:13:56.544581
RT002507,E00836,R008,B6,5,2026-05-18 20:37:56.544581
RT002508,E00836,R012,B6,5,2026-05-18 19:29:56.544581
RT002509,E00837,R005,B6,1,2026-05-18 21:29:53.539113
RT002510,E00837,R006,B6,3,2026-05-18 21:38:53.539113
RT002511,E00837,R010,B6,1,2026-05-18 22:21:53.539113
RT002512,E00838,R009,B6,3,2026-05-18 22:30:31.824207
RT002513,E00838,R003,B6,4,2026-05-18 22:33:31.824207
RT002514,E00838,R005,B6,2,2026-05-19 00:46:31.824207
RT002515,E00839,R011,B6,1,2026-05-19 01:53:24.589151
RT002516,E00839,R009,B6,2,2026-05-19 02:39:24.589151
RT002517,E00839,R002,B6,1,2026-05-19 02:37:24.589151
RT002518,E00840,R004,B6,5,2026-05-19 03:44:54.134445
RT002519,E00840,R009,B6,5,2026-05-19 03:48:54.134445
RT002520,E00840,R001,B6,5,2026-05-19 04:32:54.134445
RT002521,E00841,R001,B6,4,2026-05-19 05:16:23.997394
RT002522,E00841,R006,B6,4,2026-05-19 05:44:23.997394
RT002523,E00841,R005,B6,4,2026-05-19 06:12:23.997394
RT002524,E00842,R005,B6,5,2026-05-19 07:28:07.982191
RT002525,E00842,R003,B6,5,2026-05-19 07:50:07.982191
RT002526,E00842,R001,B6,5,2026-05-19 09:16:07.982191
RT002527,E00843,R010,B6,2,2026-05-19 11:15:47.078154
RT002528,E00843,R012,B6,2,2026-05-19 12:31:47.078154
RT002529,E00843,R007,B6,3,2026-05-19 11:43:47.078154
RT002530,E00844,R006,B6,2,2026-05-19 13:04:09.860969
RT002531,E00844,R010,B6,1,2026-05-19 14:16:09.860969
RT002532,E00844,R012,B6,2,2026-05-19 15:36:09.860969
RT002533,E00845,R005,B6,4,2026-05-19 14:15:17.567761
RT002534,E00845,R003,B6,4,2026-05-19 15:34:17.567761
RT002535,E00845,R012,B6,5,2026-05-19 14:33:17.567761
RT002536,E00846,R001,B6,1,2026-05-19 16:42:10.111943
RT002537,E00846,R011,B6,2,2026-05-19 16:58:10.111943
RT002538,E00846,R003,B6,2,2026-05-19 17:42:10.111943
RT002539,E00847,R005,B6,3,2026-05-19 20:06:46.860271
RT002540,E00847,R010,B6,5,2026-05-19 20:16:46.860271
RT002541,E00847,R011,B6,5,2026-05-19 20:50:46.860271
RT002542,E00848,R006,B6,3,2026-05-19 21:03:08.720210
RT002543,E00848,R010,B6,4,2026-05-19 21:16:08.720210
RT002544,E00848,R003,B6,3,2026-05-19 21:13:08.720210
RT002545,E00849,R001,B6,1,2026-05-19 22:53:35.903911
RT002546,E00849,R008,B6,3,2026-05-19 23:22:35.903911
RT002547,E00849,R011,B6,3,2026-05-19 23:29:35.903911
RT002548,E00850,R006,B6,2,2026-05-20 02:03:18.230437
RT002549,E00850,R010,B6,1,2026-05-20 02:53:18.230437
RT002550,E00850,R008,B6,2,2026-05-20 04:29:18.230437
RT002551,E00851,R009,B6,5,2026-05-20 03:07:51.480466
RT002552,E00851,R002,B6,5,2026-05-20 03:36:51.480466
RT002553,E00851,R004,B6,5,2026-05-20 05:03:51.480466
RT002554,E00852,R004,B6,3,2026-05-20 05:28:49.488007
RT002555,E00852,R012,B6,4,2026-05-20 06:05:49.488007
RT002556,E00852,R006,B6,3,2026-05-20 06:48:49.488007
RT002557,E00853,R009,B6,5,2026-05-20 08:49:57.748522
RT002558,E00853,R010,B6,5,2026-05-20 09:57:57.748522
RT002559,E00853,R007,B6,5,2026-05-20 09:17:57.748522
RT002560,E00854,R010,B6,4,2026-05-20 10:37:32.485234
RT002561,E00854,R005,B6,5,2026-05-20 10:53:32.485234
RT002562,E00854,R012,B6,5,2026-05-20 12:15:32.485234
RT002563,E00855,R006,B6,4,2026-05-20 13:14:36.529817
RT002564,E00855,R007,B6,4,2026-05-20 13:46:36.529817
RT002565,E00855,R010,B6,2,2026-05-20 15:18:36.529817
RT002566,E00856,R003,B6,3,2026-05-20 14:04:12.619875
RT002567,E00856,R001,B6,3,2026-05-20 14:47:12.619875
RT002568,E00856,R009,B6,1,2026-05-20 15:04:12.619875
RT002569,E00857,R010,B6,1,2026-05-20 16:44:08.100381
RT002570,E00857,R004,B6,1,2026-05-20 18:01:08.100381
RT002571,E00857,R009,B6,1,2026-05-20 17:30:08.100381
RT002572,E00858,R004,B6,4,2026-05-20 18:34:36.053903
RT002573,E00858,R010,B6,4,2026-05-20 19:34:36.053903
RT002574,E00858,R008,B6,4,2026-05-20 18:34:36.053903
RT002575,E00859,R012,B6,4,2026-05-20 22:04:07.289339
RT002576,E00859,R008,B6,4,2026-05-20 22:32:07.289339
RT002577,E00859,R009,B6,3,2026-05-20 23:14:07.289339
RT002578,E00860,R011,B6,4,2026-05-20 23:06:20.681151
RT002579,E00860,R004,B6,2,2026-05-20 23:48:20.681151
RT002580,E00860,R001,B6,4,2026-05-21 00:58:20.681151
RT002581,E00861,R010,B6,3,2026-05-21 02:44:28.430839
RT002582,E00861,R008,B6,5,2026-05-21 03:53:28.430839
RT002583,E00861,R004,B6,4,2026-05-21 02:48:28.430839
RT002584,E00862,R004,B6,5,2026-05-21 04:16:00.324503
RT002585,E00862,R012,B6,5,2026-05-21 05:27:00.324503
RT002586,E00862,R009,B6,5,2026-05-21 06:06:00.324503
RT002587,E00863,R012,B6,2,2026-05-21 06:00:42.508000
RT002588,E00863,R006,B6,2,2026-05-21 07:26:42.508000
RT002589,E00863,R004,B6,1,2026-05-21 06:46:42.508000
RT002590,E00864,R012,B6,1,2026-05-21 08:24:34.269538
RT002591,E00864,R005,B6,1,2026-05-21 08:26:34.269538
RT002592,E00864,R006,B6,1,2026-05-21 10:46:34.269538
RT002593,E00865,R010,B6,5,2026-05-21 09:53:57.746589
RT002594,E00865,R007,B6,4,2026-05-21 10:39:57.746589
RT002595,E00865,R009,B6,5,2026-05-21 11:21:57.746589
RT002596,E00866,R007,B6,3,2026-05-21 12:51:20.686761
RT002597,E00866,R009,B6,2,2026-05-21 13:49:20.686761
RT002598,E00866,R011,B6,2,2026-05-21 13:53:20.686761
RT002599,E00867,R002,B6,2,2026-05-21 14:25:22.825237
RT002600,E00867,R004,B6,2,2026-05-21 14:49:22.825237
RT002601,E00867,R001,B6,1,2026-05-21 16:33:22.825237
RT002602,E00868,R002,B6,1,2026-05-21 16:42:24.411061
RT002603,E00868,R009,B6,1,2026-05-21 17:49:24.411061
RT002604,E00868,R006,B6,1,2026-05-21 18:28:24.411061
RT002605,E00869,R008,B6,5,2026-05-21 18:44:09.648170
RT002606,E00869,R004,B6,5,2026-05-21 19:07:09.648170
RT002607,E00869,R003,B6,5,2026-05-21 20:12:09.648170
RT002608,E00870,R005,B6,1,2026-05-21 22:21:09.772854
RT002609,E00870,R009,B6,1,2026-05-21 22:42:09.772854
RT002610,E00870,R012,B6,2,2026-05-21 23:03:09.772854
RT002611,E00871,R011,B6,3,2026-05-21 23:57:07.564287
RT002612,E00871,R005,B6,3,2026-05-22 01:18:07.564287
RT002613,E00871,R007,B6,3,2026-05-22 00:43:07.564287
RT002614,E00872,R005,B6,3,2026-05-22 01:23:01.215127
RT002615,E00872,R008,B6,4,2026-05-22 02:38:01.215127
RT002616,E00872,R002,B6,4,2026-05-22 03:41:01.215127
RT002617,E00873,R012,B6,4,2026-05-22 03:52:42.271815
RT002618,E00873,R004,B6,3,2026-05-22 03:54:42.271815
RT002619,E00873,R010,B6,3,2026-05-22 06:20:42.271815
RT002620,E00874,R011,B6,4,2026-05-22 06:57:20.455493
RT002621,E00874,R002,B6,4,2026-05-22 08:03:20.455493
RT002622,E00874,R010,B6,3,2026-05-22 08:27:20.455493
RT002623,E00875,R011,B6,2,2026-05-22 07:57:10.880992
RT002624,E00875,R003,B6,2,2026-05-22 08:30:10.880992
RT002625,E00875,R004,B6,3,2026-05-22 09:41:10.880992
RT002626,E00876,R005,B6,1,2026-05-22 11:07:32.684599
RT002627,E00876,R007,B6,1,2026-05-22 11:52:32.684599
RT002628,E00876,R010,B6,1,2026-05-22 13:03:32.684599
RT002629,E00877,R001,B6,2,2026-05-22 12:58:32.174651
RT002630,E00877,R009,B6,1,2026-05-22 13:27:32.174651
RT002631,E00877,R011,B6,2,2026-05-22 14:20:32.174651
RT002632,E00878,R006,B6,2,2026-05-22 14:49:53.118882
RT002633,E00878,R002,B6,2,2026-05-22 16:13:53.118882
RT002634,E00878,R005,B6,1,2026-05-22 16:01:53.118882
RT002635,E00879,R011,B6,2,2026-05-22 16:59:52.908799
RT002636,E00879,R009,B6,2,2026-05-22 17:02:52.908799
RT002637,E00879,R002,B6,2,2026-05-22 19:13:52.908799
RT002638,E00880,R002,B6,5,2026-05-22 19:51:40.935137
RT002639,E00880,R004,B6,5,2026-05-22 21:01:40.935137
RT002640,E00880,R007,B6,5,2026-05-22 20:27:40.935137
RT002641,E00881,R008,B6,4,2026-05-22 21:55:30.811884
RT002642,E00881,R002,B6,4,2026-05-22 22:51:30.811884
RT002643,E00881,R005,B6,4,2026-05-22 22:57:30.811884
RT002644,E00882,R004,B6,1,2026-05-23 01:10:00.640263
RT002645,E00882,R009,B6,2,2026-05-23 01:47:00.640263
RT002646,E00882,R006,B6,2,2026-05-23 01:18:00.640263
RT002647,E00883,R008,B6,5,2026-05-23 03:06:57.399415
RT002648,E00883,R010,B6,4,2026-05-23 03:16:57.399415
RT002649,E00883,R006,B6,4,2026-05-23 05:30:57.399415
RT002650,E00884,R001,B6,3,2026-05-23 04:10:51.273971
RT002651,E00884,R004,B6,3,2026-05-23 05:03:51.273971
RT002652,E00884,R007,B6,4,2026-05-23 05:04:51.273971
RT002653,E00885,R001,B6,3,2026-05-23 07:08:15.344056
RT002654,E00885,R009,B6,2,2026-05-23 07:27:15.344056
RT002655,E00885,R002,B6,3,2026-05-23 08:52:15.344056
RT002656,E00886,R001,B6,5,2026-05-23 08:08:11.698452
RT002657,E00886,R011,B6,4,2026-05-23 09:14:11.698452
RT002658,E00886,R005,B6,4,2026-05-23 09:14:11.698452
RT002659,E00887,R006,B6,3,2026-05-23 10:12:11.311566
RT002660,E00887,R008,B6,1,2026-05-23 10:14:11.311566
RT002661,E00887,R009,B6,1,2026-05-23 11:46:11.311566
RT002662,E00888,R008,B6,5,2026-05-23 13:02:41.193166
RT002663,E00888,R012,B6,5,2026-05-23 14:28:41.193166
RT002664,E00888,R005,B6,4,2026-05-23 14:58:41.193166
RT002665,E00889,R005,B6,1,2026-05-23 14:55:59.194915
RT002666,E00889,R010,B6,1,2026-05-23 16:17:59.194915
RT002667,E00889,R009,B6,1,2026-05-23 17:07:59.194915
RT002668,E00890,R008,B6,4,2026-05-23 18:29:08.184386
RT002669,E00890,R002,B6,4,2026-05-23 18:29:08.184386
RT002670,E00890,R007,B6,4,2026-05-23 19:55:08.184386
RT002671,E00891,R012,B6,3,2026-05-23 20:34:27.875981
RT002672,E00891,R011,B6,2,2026-05-23 21:37:27.875981
RT002673,E00891,R003,B6,2,2026-05-23 21:24:27.875981
RT002674,E00892,R003,B6,5,2026-05-23 21:37:15.697051
RT002675,E00892,R008,B6,4,2026-05-23 22:56:15.697051
RT002676,E00892,R010,B6,4,2026-05-23 23:11:15.697051
RT002677,E00893,R001,B6,5,2026-05-24 00:40:13.952804
RT002678,E00893,R008,B6,5,2026-05-24 01:11:13.952804
RT002679,E00893,R012,B6,5,2026-05-24 02:12:13.952804
RT002680,E00894,R002,B6,4,2026-05-24 03:23:05.395288
RT002681,E00894,R004,B6,5,2026-05-24 03:57:05.395288
RT002682,E00894,R009,B6,4,2026-05-24 05:13:05.395288
RT002683,E00895,R010,B6,4,2026-05-24 04:31:55.579993
RT002684,E00895,R011,B6,3,2026-05-24 05:48:55.579993
RT002685,E00895,R001,B6,3,2026-05-24 05:09:55.579993
RT002686,E00896,R005,B6,4,2026-05-24 06:45:13.496677
RT002687,E00896,R008,B6,5,2026-05-24 07:26:13.496677
RT002688,E00896,R006,B6,5,2026-05-24 08:31:13.496677
RT002689,E00897,R010,B6,3,2026-05-24 10:09:19.257599
RT002690,E00897,R011,B6,3,2026-05-24 10:20:19.257599
RT002691,E00897,R006,B6,3,2026-05-24 10:35:19.257599
RT002692,E00898,R008,B6,5,2026-05-24 10:36:08.684118
RT002693,E00898,R011,B6,4,2026-05-24 11:17:08.684118
RT002694,E00898,R003,B6,3,2026-05-24 12:44:08.684118
RT002695,E00899,R012,B6,4,2026-05-24 14:18:09.564996
RT002696,E00899,R001,B6,3,2026-05-24 15:07:09.564996
RT002697,E00899,R005,B6,3,2026-05-24 16:40:09.564996
RT002698,E00900,R006,B6,5,2026-05-24 16:15:51.040126
RT002699,E00900,R005,B6,4,2026-05-24 16:56:51.040126
RT002700,E00900,R008,B6,5,2026-05-24 18:29:51.040126
